id,latitude,longitude
POINT_000001,51.4219649841289,-0.0775909423828125
POINT_000002,51.4249487547308,-0.0797045230865479
POINT_000003,51.4352165210626,-0.130816698074341
POINT_000004,51.4407541366795,-0.102910995483398
POINT_000005,51.44096144983,-2.61154890060425
POINT_000006,51.4411955119334,-0.116879940032959
POINT_000007,51.4415031345878,-2.57662653923035
POINT_000008,51.4422320582579,-0.0811314582824707
POINT_000009,51.4449336555271,-2.58663654327393
POINT_000010,51.445950056687,-2.59307384490967
POINT_000011,51.4464515620819,-0.127608776092529
POINT_000012,51.4483505459274,-2.5702428817749
POINT_000013,51.4490927329364,-2.57216334342957
POINT_000014,51.4494939100803,-2.62118339538574
POINT_000015,51.4496465793112,-2.61971354484558
POINT_000016,51.4497546733336,-2.584308385849
POINT_000017,51.4500020627357,-2.59593844413757
POINT_000018,51.4502026477533,-2.59676456451416
POINT_000019,51.451947700223,-2.59084224700928
POINT_000020,51.4524223964428,-2.59827733039856
POINT_000021,51.4524892546687,-0.0896716117858887
POINT_000022,51.4525494269884,-0.0685787200927734
POINT_000023,51.4525828560206,-2.59258031845093
POINT_000024,51.4527500008144,-2.58792400360107
POINT_000025,51.4528168585606,-2.60159254074097
POINT_000026,51.4531712029807,-2.59716153144836
POINT_000027,51.4534453165887,-2.59558439254761
POINT_000028,51.4534586879421,-2.59013414382935
POINT_000029,51.4535589733759,-2.56963992330839
POINT_000030,51.4537194285508,-2.59662508964539
POINT_000031,51.4542743330941,-2.5853168964386
POINT_000032,51.4543946729484,-2.59453296661377
POINT_000033,51.4544748993416,-2.56439566612244
POINT_000034,51.4550498510342,-0.127383470535278
POINT_000035,51.4552236722133,-2.59243011474609
POINT_000036,51.4554108635122,-0.116407871246338
POINT_000037,51.4555579418514,-2.58464097976685
POINT_000038,51.4556715929707,-2.59441494941711
POINT_000039,51.4564470871733,-2.58791327476501
POINT_000040,51.4565473656341,-2.59399652481079
POINT_000041,51.4567144959125,-2.58602499961853
POINT_000042,51.4571824574365,-2.59084224700928
POINT_000043,51.4576236739078,-2.59445786476135
POINT_000044,51.4577573750268,-2.58899688720703
POINT_000045,51.4583790800855,-2.57015705108643
POINT_000046,51.4586397925899,-2.59441494941711
POINT_000047,51.4588871338457,-2.58792400360107
POINT_000048,51.4592748552791,-2.58039236068726
POINT_000049,51.4595489322363,-2.60092735290527
POINT_000050,51.4604862658546,-0.135692208205
POINT_000051,51.4608390772678,-2.58402943611145
POINT_000052,51.4608591310479,-2.60094881057739
POINT_000053,51.4610462992363,-2.55640268325806
POINT_000054,51.4618684932576,-2.59929656982422
POINT_000055,51.4619954975174,-2.59605646133423
POINT_000056,51.4621826610455,-0.0770652294158936
POINT_000057,51.4621906823275,-2.57644414901733
POINT_000058,51.4627909372107,-0.0982546806335449
POINT_000059,51.463412573706,-2.55735754966736
POINT_000060,51.4637735200432,-2.57933020591736
POINT_000061,51.4641478317479,-0.108329057693481
POINT_000062,51.4643032370447,-3.16650867462158
POINT_000063,51.464563915709,-3.16891729831696
POINT_000064,51.4645756127937,-0.138627290725708
POINT_000065,51.4647081237208,-3.16566377878189
POINT_000066,51.4661730721871,-2.6082444190979
POINT_000067,51.4673026226914,-2.56056547164917
POINT_000068,51.4675231825445,-3.16860347986221
POINT_000069,51.467897463492,-0.143916606903076
POINT_000070,51.4682583743551,-2.59204387664795
POINT_000071,51.4682638881265,-3.18276017904282
POINT_000072,51.4692822763075,-2.57515668869019
POINT_000073,51.4693477731646,-2.61153817176819
POINT_000074,51.4700161031186,-0.124272108078003
POINT_000075,51.4703609594222,-0.131195750655024
POINT_000076,51.4712658538618,-0.0998103618621826
POINT_000077,51.4713727828168,-0.0697481632232666
POINT_000078,51.4715064436581,-0.102728605270386
POINT_000079,51.4718606429937,-2.60485410690308
POINT_000080,51.4724420585827,-0.0965487957000732
POINT_000081,51.4727026907516,-2.60326623916626
POINT_000082,51.4733211182072,-3.17150949289498
POINT_000083,51.4733308749881,-2.64072060585022
POINT_000084,51.4743265961082,-0.114948749542236
POINT_000085,51.4753757552493,-0.0927078723907471
POINT_000086,51.4755027219162,-0.0823438167572021
POINT_000087,51.4759638084186,-0.0971496105194092
POINT_000088,51.4760974558089,-0.0979757308959961
POINT_000089,51.476418207948,-0.0753486156463623
POINT_000090,51.47804198104,-0.0734388828277588
POINT_000091,51.4783359913859,-0.115163326263428
POINT_000092,51.4784094936763,-0.0922787189483643
POINT_000093,51.4789707799876,-0.062946081161499
POINT_000094,51.4793984220648,-0.0628280639648438
POINT_000095,51.4795454231028,-0.11035680770874
POINT_000096,51.4799196054251,-0.107814073562622
POINT_000097,51.4810220890625,-0.101859569549561
POINT_000098,51.48116240325,-0.0945961475372314
POINT_000099,51.4822448124717,-0.0937914848327637
POINT_000100,51.4832470203263,-0.165030956268311
POINT_000101,51.4832470203263,-0.10486364364624
POINT_000102,51.483634534792,-0.101408958435059
POINT_000103,51.4837147097876,-0.0727629661560059
POINT_000104,51.4837280722731,-0.125130414962769
POINT_000105,51.484334591362,-3.15869175232365
POINT_000106,51.4846834798419,-0.109680891036987
POINT_000107,51.4850108526559,-0.116944313049316
POINT_000108,51.4851618442638,-0.0925898551940918
POINT_000109,51.4855186099218,-0.10810375213623
POINT_000110,51.4855720577262,-0.0631070137023926
POINT_000111,51.4859395096852,-0.177294015884399
POINT_000112,51.4861332558895,-0.169322490692139
POINT_000113,51.4861399367784,-0.0925254821777344
POINT_000114,51.4862468308679,-0.119937658309937
POINT_000115,51.4866276390252,-0.0989627838134766
POINT_000116,51.4867345319714,-0.0901544094085693
POINT_000117,51.4869683594175,-0.0933516025543213
POINT_000118,51.4870218055225,-0.0598883628845215
POINT_000119,51.4870552093063,-0.142554044723511
POINT_000120,51.4873558422596,-0.159505605697632
POINT_000121,51.4874092879105,-3.20320665836334
POINT_000122,51.4876993408018,-0.0759601593017578
POINT_000123,51.4877500024619,-0.120871067047119
POINT_000124,51.4883312155265,-0.142607688903809
POINT_000125,51.488504909947,-0.162595510482788
POINT_000126,51.4888122138391,-0.154731273651123
POINT_000127,51.4889257821446,-0.117641687393188
POINT_000128,51.489005947837,-0.0910985469818115
POINT_000129,51.4890861133885,-0.133788585662842
POINT_000130,51.4891362167866,-0.00790715217590332
POINT_000131,51.4891762994654,-0.100089311599731
POINT_000132,51.4892264027643,-0.110056400299072
POINT_000133,51.4893800525378,-0.173088312149048
POINT_000134,51.4895604233504,-0.172090530395508
POINT_000135,51.4896272271739,-0.0143766403198242
POINT_000136,51.4899011218271,-0.155589580535889
POINT_000137,51.4901683345372,-0.145472288131714
POINT_000138,51.490301940305,-0.161468982696533
POINT_000139,51.4904489061972,-0.0426685810089111
POINT_000140,51.4905090284712,-0.142167806625366
POINT_000141,51.4907561969866,-0.110576748847961
POINT_000142,51.4908831208386,-0.130720138549805
POINT_000143,51.4909031614145,-0.117276906967163
POINT_000144,51.4910701658712,-0.134185552597046
POINT_000145,51.4911102468498,-0.116965770721436
POINT_000146,51.4911870686269,-0.0967741012573242
POINT_000147,51.4912238094311,-0.154924392700195
POINT_000148,51.4912238094311,-0.100840330123901
POINT_000149,51.4912972909506,-0.195736885070801
POINT_000150,51.4915310949974,-0.0980508327484131
POINT_000151,51.4915377750954,-0.0616693496704102
POINT_000152,51.4916246162804,-0.152199268341064
POINT_000153,51.4916847370038,-0.13758659362793
POINT_000154,51.4917114572999,-0.13608455657959
POINT_000155,51.4920320996315,-0.0928580760955811
POINT_000156,51.4921256198867,-0.121117830276489
POINT_000157,51.4923460597292,-0.101677179336548
POINT_000158,51.4923994995305,-0.0246548652648926
POINT_000159,51.492499698989,-0.116997957229614
POINT_000160,51.4925664985057,-0.154033899307251
POINT_000161,51.4926733775289,-0.157939195632935
POINT_000162,51.4927268169465,-0.166618824005127
POINT_000163,51.4927535366318,-0.12285590171814
POINT_000164,51.4929205343101,-0.078427791595459
POINT_000165,51.4929806533245,-0.132426023483276
POINT_000166,51.4930207326235,-0.142264366149902
POINT_000167,51.493261207677,-0.141341686248779
POINT_000168,51.4933280060778,-0.0953900814056396
POINT_000169,51.4937621932975,-3.21907997131348
POINT_000170,51.4937889123759,-0.0971925258636475
POINT_000171,51.4938022719093,-0.137211084365845
POINT_000172,51.4938757492727,-0.0943279266357422
POINT_000173,51.4938824290271,-0.173163414001465
POINT_000174,51.4939091480351,-0.0979328155517578
POINT_000175,51.4940549889769,-0.0945746898651123
POINT_000176,51.4941062002352,-0.10735809803009
POINT_000177,51.4942097357956,-0.129121541976929
POINT_000178,51.4942097357956,-0.127437114715576
POINT_000179,51.4942364546117,-0.151695013046265
POINT_000180,51.4942954585745,-0.0754988193511963
POINT_000181,51.4945904774468,-0.113757848739624
POINT_000182,51.4950046138777,-0.166769027709961
POINT_000183,51.495118166758,-0.144903659820557
POINT_000184,51.4953886886565,-0.121300220489502
POINT_000185,51.4955723754502,-0.169225931167603
POINT_000186,51.495635830716,-0.115061402320862
POINT_000187,51.4958261959834,-0.097804069519043
POINT_000188,51.4958261959834,-0.079200267791748
POINT_000189,51.4962803976205,-0.0999820232391357
POINT_000190,51.496440703,-0.104638338088989
POINT_000191,51.4964874586295,-0.0900471210479736
POINT_000192,51.4966410839317,-0.141491889953613
POINT_000193,51.4966878393556,-0.0620663166046143
POINT_000194,51.4968481433022,-0.12584924697876
POINT_000195,51.4969149364469,-0.106000900268555
POINT_000196,51.4970151259804,-0.160889625549316
POINT_000197,51.4972021458538,-0.144013166427612
POINT_000198,51.4972889762484,-0.112094879150391
POINT_000199,51.4974626365414,-0.167777538299561
POINT_000200,51.4974893534509,-0.024869441986084
POINT_000201,51.4977164465487,-0.0490093231201172
POINT_000202,51.4981973458445,-0.160642862319946
POINT_000203,51.4982173832051,-0.0908088684082031
POINT_000204,51.4982841743433,-0.0679028034210205
POINT_000205,51.4986982772155,-0.105453729629517
POINT_000206,51.4987049562632,-0.195232629776001
POINT_000207,51.4987183143558,-0.141888856887817
POINT_000208,51.4987851047599,-0.102235078811646
POINT_000209,51.4989454013305,-0.0951433181762695
POINT_000210,51.4991925241055,-0.15954852104187
POINT_000211,51.4992793507084,-0.13683021068573
POINT_000212,51.4992860296709,-0.0998103618621826
POINT_000213,51.4997134812415,-0.132206082344055
POINT_000214,51.4997268390385,-0.071260929107666
POINT_000215,51.499860416793,-0.114648342132568
POINT_000216,51.4999138477851,-0.0993597507476807
POINT_000217,51.5002077171224,-0.0737392902374268
POINT_000218,51.5003880450957,-0.140858888626099
POINT_000219,51.5004414754693,-0.133981704711914
POINT_000220,51.5004815482084,-0.0889420509338379
POINT_000221,51.5005449966399,-0.11884868144989
POINT_000222,51.5005950874445,-0.152853727340698
POINT_000223,51.5006218025177,-0.0942099094390869
POINT_000224,51.5007486989019,-0.103211402893066
POINT_000225,51.5007553776491,-0.123295783996582
POINT_000226,51.5009223460129,-0.0642335414886475
POINT_000227,51.5011594400383,-0.104740262031555
POINT_000228,51.5011627793819,-0.0821828842163086
POINT_000229,51.5011894941224,-0.129271745681763
POINT_000230,51.5012896742598,-0.0507688522338867
POINT_000231,51.5013497822365,-0.126149654388428
POINT_000232,51.5014967125125,-0.0974178314208984
POINT_000233,51.5015968919745,-0.10037899017334
POINT_000234,51.5018039288315,-0.0501680374145508
POINT_000235,51.5018573575451,-0.0859808921813965
POINT_000236,51.502338213149,-0.15756368637085
POINT_000237,51.5024250337589,-0.109187364578247
POINT_000238,51.5024317122605,-0.194610357284546
POINT_000239,51.5026187099082,-0.152285099029541
POINT_000240,51.5026521022645,-0.0598347187042236
POINT_000241,51.5028190636791,-0.0633859634399414
POINT_000242,51.5028457774487,-0.1383376121521
POINT_000243,51.5028658127656,-0.117555856704712
POINT_000244,51.5029526323703,-0.209619998931885
POINT_000245,51.503179698247,-0.103694200515747
POINT_000246,51.5032798740094,-0.20648717880249
POINT_000247,51.5035737216419,-0.0984477996826172
POINT_000248,51.5036271482806,-0.0672054290771484
POINT_000249,51.5036805748567,-0.0621521472930908
POINT_000250,51.5040679156599,-0.0684607028961182
POINT_000251,51.5041213417192,-0.0870430469512939
POINT_000252,51.5043083324334,-0.082622766494751
POINT_000253,51.5043484017724,-0.112727880477905
POINT_000254,51.5044418967596,-0.0701665878295898
POINT_000255,51.5048492655363,-0.101752281188965
POINT_000256,51.5053100553367,-0.098726749420166
POINT_000257,51.5055371094667,-0.083920955657959
POINT_000258,51.5056172459483,-0.144978761672974
POINT_000259,51.5057341113981,-0.111166834831238
POINT_000260,51.5059834233218,-0.135934352874756
POINT_000261,51.5062516547869,-0.071636438369751
POINT_000262,51.5064186030132,-0.0516915321350098
POINT_000263,51.5064453146726,-0.0980401039123535
POINT_000264,51.5066189400773,-0.0742113590240479
POINT_000265,51.5068593433915,-0.0599420070648193
POINT_000266,51.5071064232539,-0.0740396976470947
POINT_000267,51.5072399793784,-0.139034986495972
POINT_000268,51.5072600127633,-0.132565498352051
POINT_000269,51.5072733683483,-0.126804113388061
POINT_000270,51.5073201128652,-0.140225887298584
POINT_000271,51.5073334684326,-0.102567672729492
POINT_000272,51.5073935684375,-0.0684714317321777
POINT_000273,51.5074503294806,-0.128606557846069
POINT_000274,51.5076373065339,-0.130441188812256
POINT_000275,51.5076807118116,-0.147703886032104
POINT_000276,51.5077274559105,-0.138348340988159
POINT_000277,51.5077408113585,-0.0905942916870117
POINT_000278,51.5078342993851,-0.130768418312073
POINT_000279,51.5080413079041,-0.137897729873657
POINT_000280,51.5081281176483,-0.126455426216125
POINT_000281,51.5082516543068,-0.149452686309814
POINT_000282,51.5084019011428,-0.0941240787506104
POINT_000283,51.5084686773553,-0.0725376605987549
POINT_000284,51.5084820325861,-0.194985866546631
POINT_000285,51.5085688414906,-0.123832225799561
POINT_000286,51.5086422950498,-0.0632786750793457
POINT_000287,51.5086957157457,-0.143948793411255
POINT_000288,51.5087491363791,-0.142677426338196
POINT_000289,51.5089962059935,-0.104917287826538
POINT_000290,51.5092165642489,-0.078202486038208
POINT_000291,51.5092199030021,-0.14132022857666
POINT_000292,51.5092833392674,-0.0849509239196777
POINT_000293,51.5093033717538,-0.151770114898682
POINT_000294,51.5093890661459,-0.134679079055786
POINT_000295,51.5094102115329,-0.152692794799805
POINT_000296,51.5096305677859,-0.142634510993958
POINT_000297,51.5096428097347,-0.132994651794434
POINT_000298,51.5097574390845,-0.0782454013824463
POINT_000299,51.5098776326204,-0.0884056091308594
POINT_000300,51.5098909874381,-2.6053261756897
POINT_000301,51.5099711162624,-0.138863325119019
POINT_000302,51.5100245354003,-0.0818073749542236
POINT_000303,51.5100312127881,-0.0734496116638184
POINT_000304,51.5101514056018,-0.133155584335327
POINT_000305,51.5101781150728,-0.145847797393799
POINT_000306,51.5101847924382,-0.115699768066406
POINT_000307,51.510358403593,-0.0110507011413574
POINT_000308,51.5104452089224,-0.0159645080566406
POINT_000309,51.5105053048227,-0.137393474578857
POINT_000310,51.5105720779524,-0.141851305961609
POINT_000311,51.51057875526,-0.0267899036407471
POINT_000312,51.5105921098722,-0.0912809371948242
POINT_000313,51.5106555442268,-0.142473578453064
POINT_000314,51.5106722374633,-0.149152278900146
POINT_000315,51.5106722374633,-0.0853908061981201
POINT_000316,51.5107123012061,-0.00756382942199707
POINT_000317,51.5107256557791,-0.129818916320801
POINT_000318,51.5107924285858,-0.21672248840332
POINT_000319,51.5108124604088,-0.0193977355957031
POINT_000320,51.5109927464186,-0.0279915332794189
POINT_000321,51.51106619607,-0.129475593566895
POINT_000322,51.5112097564102,-0.140799880027771
POINT_000323,51.5112197722311,-0.127265453338623
POINT_000324,51.5112598354922,-0.146845579147339
POINT_000325,51.5112731899048,-0.0381839275360107
POINT_000326,51.5112998987182,-0.0525820255279541
POINT_000327,51.5114067338153,-0.0982868671417236
POINT_000328,51.5114134110005,-0.0722908973693848
POINT_000329,51.5114467969121,-0.117523670196533
POINT_000330,51.5115002143197,-0.0929975509643555
POINT_000331,51.5115336001676,-0.0854766368865967
POINT_000332,51.5115469544999,-0.0832772254943848
POINT_000333,51.5115959203686,-0.0902509689331055
POINT_000334,51.5116137261029,-0.138702392578125
POINT_000335,51.5116204032578,-0.142736434936523
POINT_000336,51.5116337575646,-0.132876634597778
POINT_000337,51.5116471118676,-0.132501125335693
POINT_000338,51.5116938518972,-0.126986503601074
POINT_000339,51.511780654682,-0.0876545906066895
POINT_000340,51.5118674573014,-0.0981152057647705
POINT_000341,51.511907519993,-0.133541822433472
POINT_000342,51.5119409055424,-0.0323796272277832
POINT_000343,51.5119809681695,-0.188881158828735
POINT_000344,51.5120878016693,-0.123499631881714
POINT_000345,51.5121278641672,-0.0517988204956055
POINT_000346,51.5123148220247,-0.0757026672363281
POINT_000347,51.5124149777041,-0.125656127929688
POINT_000348,51.5124884250625,-0.173635482788086
POINT_000349,51.512528487208,-0.120431184768677
POINT_000350,51.5126353194239,-0.0954651832580566
POINT_000351,51.5126520119349,-0.13658344745636
POINT_000352,51.5127121049242,-0.0237536430358887
POINT_000353,51.512949137609,-0.145268440246582
POINT_000354,51.5131127228271,-0.0390475988388062
POINT_000355,51.5131294151632,-0.0504952669143677
POINT_000356,51.513136092096,-0.0776660442352295
POINT_000357,51.5131627998172,-0.073009729385376
POINT_000358,51.5132696305455,-0.148680210113525
POINT_000359,51.5132696305455,-0.0484621524810791
POINT_000360,51.5132896612792,-0.0735676288604736
POINT_000361,51.5132963381884,-0.0868821144104004
POINT_000362,51.5133430765259,-0.0998318195343018
POINT_000363,51.5133953789112,-0.0896984338760376
POINT_000364,51.5134165223878,-0.0826013088226318
POINT_000365,51.5134966450113,-0.153722763061523
POINT_000366,51.5135700906256,-0.104477405548096
POINT_000367,51.5135890084332,-0.0911521911621094
POINT_000368,51.5136435361216,-0.019150972366333
POINT_000369,51.5136769203988,-0.0761747360229492
POINT_000370,51.5137002893782,-0.0228631496429443
POINT_000371,51.5137370120361,-0.0878691673278809
POINT_000372,51.5137436888797,-0.122523307800293
POINT_000373,51.5138004420116,-0.141019821166992
POINT_000374,51.5138571950728,-0.083996057510376
POINT_000375,51.5138805639598,-0.0414884090423584
POINT_000376,51.5139172864723,-0.0705313682556152
POINT_000377,51.5139239632895,-0.0709497928619385
POINT_000378,51.5139362040847,-0.110281705856323
POINT_000379,51.5139840546009,-0.13958752155304
POINT_000380,51.5140241154312,-0.103211402893066
POINT_000381,51.5140641762262,-0.0441384315490723
POINT_000382,51.5140908834033,-0.148755311965942
POINT_000383,51.5141509744944,-0.0909590721130371
POINT_000384,51.5141576512775,-0.0667762756347656
POINT_000385,51.5141609896686,-0.0227934122085571
POINT_000386,51.5141843583998,-0.132061243057251
POINT_000387,51.5142233062244,-0.133552551269531
POINT_000388,51.5142611412891,-0.0405979156494141
POINT_000389,51.5142845099689,-0.0681281089782715
POINT_000390,51.5143167810001,-0.0955349206924438
POINT_000391,51.5143980148143,-0.117244720458984
POINT_000392,51.5144380752805,-0.166479349136353
POINT_000393,51.5144514287614,-0.0483226776123047
POINT_000394,51.5144781357114,-0.0897681713104248
POINT_000395,51.5144981659137,-0.0393104553222656
POINT_000396,51.5145115193769,-0.131320953369141
POINT_000397,51.5145237600142,-0.129936933517456
POINT_000398,51.5145382262918,-0.180877447128296
POINT_000399,51.5145916400744,-0.153754949569702
POINT_000400,51.5145983167928,-0.158175230026245
POINT_000401,51.5145983167928,-0.0857555866241455
POINT_000402,51.5146317003703,-0.198976993560791
POINT_000403,51.5146650839233,-0.114476680755615
POINT_000404,51.5146650839233,-0.0891244411468506
POINT_000405,51.5147318509559,-0.121514797210693
POINT_000406,51.5149755497943,-0.12285053730011
POINT_000407,51.5150055947663,-0.175985097885132
POINT_000408,51.5150189480808,-0.141223669052124
POINT_000409,51.5150590080009,-0.102406740188599
POINT_000410,51.5151925408134,-0.12160062789917
POINT_000411,51.5151992174437,-0.0509083271026611
POINT_000412,51.5152782241788,-0.097428560256958
POINT_000413,51.5152993667815,-0.0178420543670654
POINT_000414,51.5153360881502,-0.117073059082031
POINT_000415,51.5153461030638,-0.0266718864440918
POINT_000416,51.515369471187,-0.0428402423858643
POINT_000417,51.5154195456962,-0.160760879516602
POINT_000418,51.515459605264,-0.14857292175293
POINT_000419,51.5155530774518,-0.126042366027832
POINT_000420,51.5155664306058,-0.0894248485565186
POINT_000421,51.5155987006779,-0.132726430892944
POINT_000422,51.5155998134737,-0.0499320030212402
POINT_000423,51.5156693610197,-0.105968713760376
POINT_000424,51.5157133150418,-0.11461615562439
POINT_000425,51.5157400212519,-0.0519919395446777
POINT_000426,51.5157734039926,-0.0796937942504883
POINT_000427,51.5158201397885,-0.0760567188262939
POINT_000428,51.5158323801251,-0.100647211074829
POINT_000429,51.5158357183935,-0.142714977264404
POINT_000430,51.5158935816567,-0.0531184673309326
POINT_000431,51.5159136112365,-0.0694692134857178
POINT_000432,51.5159592341015,-0.07415771484375
POINT_000433,51.5160927643259,-0.15082061290741
POINT_000434,51.5162073773956,-0.216861963272095
POINT_000435,51.5162140538772,-0.0469762086868286
POINT_000436,51.5162207303578,-0.175255537033081
POINT_000437,51.5162696912027,-0.101189017295837
POINT_000438,51.5163965440121,-0.161774754524231
POINT_000439,51.5164410536692,-0.182132720947266
POINT_000440,51.5166012881353,-0.164344310760498
POINT_000441,51.5166268811051,-0.106644630432129
POINT_000442,51.5166936452112,-0.128220319747925
POINT_000443,51.5167281400212,-0.112695693969727
POINT_000444,51.5167615220378,-0.0594806671142578
POINT_000445,51.5168082568198,-0.145783424377441
POINT_000446,51.5168483151663,-0.20050048828125
POINT_000447,51.5168549915539,-0.173463821411133
POINT_000448,51.5169417845043,-0.0847846269607544
POINT_000449,51.5169417845043,-0.0667011737823486
POINT_000450,51.5169684899942,-0.0648772716522217
POINT_000451,51.5169840682064,-0.105131864547729
POINT_000452,51.5170741990884,-0.154940485954285
POINT_000453,51.5170908899729,-0.150648951530457
POINT_000454,51.5171020172089,-0.0705742835998535
POINT_000455,51.5171220462573,-0.0673019886016846
POINT_000456,51.517202162363,-0.196520090103149
POINT_000457,51.5172756020028,-0.0626993179321289
POINT_000458,51.5172889546518,-0.0491487979888916
POINT_000459,51.5173089836181,-0.12060284614563
POINT_000460,51.5173223362574,-0.1707923412323
POINT_000461,51.5173646196062,-0.105941891670227
POINT_000462,51.5174024520108,-0.0899720191955566
POINT_000463,51.5174158046226,-0.17328143119812
POINT_000464,51.5174358335331,-0.104176998138428
POINT_000465,51.5174480734355,-0.107519030570984
POINT_000466,51.5174491861352,-0.124669075012207
POINT_000467,51.5175092727961,-0.114760994911194
POINT_000468,51.5175693593777,-0.120205879211426
POINT_000469,51.517574922963,-0.134169459342957
POINT_000470,51.5175960644997,-0.0991237163543701
POINT_000471,51.5176160933309,-0.125741958618164
POINT_000472,51.5176216568596,-0.128434896469116
POINT_000473,51.5176294458801,-0.0564122200012207
POINT_000474,51.5177095610933,-0.188441276550293
POINT_000475,51.5177696474107,-0.0884914398193359
POINT_000476,51.5178085922207,-0.14082670211792
POINT_000477,51.5178820308827,-0.149602890014648
POINT_000478,51.5179688218759,-0.1373291015625
POINT_000479,51.5179721599878,-0.15157163143158
POINT_000480,51.5179855124326,-0.110539197921753
POINT_000481,51.5181123604634,-0.143980979919434
POINT_000482,51.5181134731469,-0.103715658187866
POINT_000483,51.5181691081523,-0.13407826423645
POINT_000484,51.5181902494131,-0.0555431842803955
POINT_000485,51.5181924748272,-0.136191844940186
POINT_000486,51.5183037445261,-0.0924396514892578
POINT_000487,51.5183170968737,-0.0348043441772461
POINT_000488,51.5183438015573,-0.10711669921875
POINT_000489,51.5185774668703,-0.197689533233643
POINT_000490,51.5186308759163,-0.104960203170776
POINT_000491,51.51864645356,-0.134566426277161
POINT_000492,51.5186831722303,-0.148519277572632
POINT_000493,51.5186931864079,-0.151389241218567
POINT_000494,51.5187577221498,-0.162734985351562
POINT_000495,51.5189045962945,-0.0778162479400635
POINT_000496,51.5190236529848,-0.13034462928772
POINT_000497,51.5190581460302,-0.0446963310241699
POINT_000498,51.5190737235277,-0.110485553741455
POINT_000499,51.5191304699678,-0.130859613418579
POINT_000500,51.5191582868834,-0.177412033081055
POINT_000501,51.5191582868834,-0.119476318359375
POINT_000502,51.5192784556165,-0.140354633331299
POINT_000503,51.5192984837078,-0.205178260803223
POINT_000504,51.5193518919084,-0.166018009185791
POINT_000505,51.5193919480177,-0.202850103378296
POINT_000506,51.5194041873944,-0.147129893302917
POINT_000507,51.5194053000463,-0.132511854171753
POINT_000508,51.5194653841266,-0.171629190444946
POINT_000509,51.5195187921314,-0.0759118795394897
POINT_000510,51.5195655240843,-0.0313067436218262
POINT_000511,51.519832562895,-0.137221813201904
POINT_000512,51.519832562895,-0.119283199310303
POINT_000513,51.5198726185816,-0.0486123561859131
POINT_000514,51.5201263037784,-0.185598134994507
POINT_000515,51.5201329796855,-0.0975573062896728
POINT_000516,51.5201530074011,-0.141363143920898
POINT_000517,51.5201663592065,-0.142199993133545
POINT_000518,51.5202197663894,-0.0848811864852905
POINT_000519,51.5202264422828,-0.0967848300933838
POINT_000520,51.5202932011635,-0.122877359390259
POINT_000521,51.5203065529279,-0.0944781303405762
POINT_000522,51.5203132288086,-0.0783312320709229
POINT_000523,51.5203265805671,-0.149216651916504
POINT_000524,51.520393339301,-0.114530324935913
POINT_000525,51.520393339301,-0.107696056365967
POINT_000526,51.5204333944943,-0.133219957351685
POINT_000527,51.5204734496524,-0.155696868896484
POINT_000528,51.5204734496524,-0.0500500202178955
POINT_000529,51.5205468840175,-0.133665204048157
POINT_000530,51.5205602357075,-0.0788140296936035
POINT_000531,51.5205802632352,-0.0456726551055908
POINT_000532,51.5206069665917,-0.0806701183319092
POINT_000533,51.5206503595127,-0.100255608558655
POINT_000534,51.520657035343,-0.0413757562637329
POINT_000535,51.5206670490867,-0.159097909927368
POINT_000536,51.5206670490867,-0.0940811634063721
POINT_000537,51.5206804007415,-0.143058300018311
POINT_000538,51.5206937523923,-0.0448250770568848
POINT_000539,51.5207137798613,-0.075080394744873
POINT_000540,51.5207204556823,-0.169858932495117
POINT_000541,51.5207627358765,-0.10985255241394
POINT_000542,51.5208272686857,-0.0908517837524414
POINT_000543,51.520847296096,-0.141845941543579
POINT_000544,51.5208561971813,-0.108768939971924
POINT_000545,51.5209607845877,-0.0307059288024902
POINT_000546,51.5209774740479,-0.0298798084259033
POINT_000547,51.5209874877211,-0.200597047805786
POINT_000548,51.5213145998348,-0.168013572692871
POINT_000549,51.5213346270308,-0.0852888822555542
POINT_000550,51.5214603531321,-0.121251940727234
POINT_000551,51.5215009636619,-0.0868123769760132
POINT_000552,51.5215081956933,-0.157220363616943
POINT_000553,51.5215883040836,-0.167444944381714
POINT_000554,51.5216973402944,-0.106033086776733
POINT_000555,51.521755196111,-0.134646892547607
POINT_000556,51.5218286284092,-0.0998210906982422
POINT_000557,51.5218519932066,-0.102809071540833
POINT_000558,51.5218820336427,-0.109316110610962
POINT_000559,51.5219843935154,-0.122469663619995
POINT_000560,51.5220622758432,-0.109702348709106
POINT_000561,51.5221557344811,-0.0536549091339111
POINT_000562,51.5223226244289,-0.14331579208374
POINT_000563,51.5223482141329,-0.125452280044556
POINT_000564,51.5223693535047,-0.136009454727173
POINT_000565,51.5224494603802,-0.138884782791138
POINT_000566,51.5225295671148,-0.191391706466675
POINT_000567,51.5225329048924,-0.0322294235229492
POINT_000568,51.5225629448793,-0.0831377506256104
POINT_000569,51.5226764290955,-0.105829238891602
POINT_000570,51.5228099395761,-0.159784555435181
POINT_000571,51.5229100721797,-0.121922492980957
POINT_000572,51.5229167476788,-0.119326114654541
POINT_000573,51.5229634761449,-0.0950789451599121
POINT_000574,51.5230369064948,-0.0461018085479736
POINT_000575,51.5230702838874,-0.134872198104858
POINT_000576,51.5231904422983,-0.136207938194275
POINT_000577,51.5232438459347,-0.0930941104888916
POINT_000578,51.523293911787,-0.0329750776290894
POINT_000579,51.5233907056119,-0.0861954689025879
POINT_000580,51.523457459854,-0.0387310981750488
POINT_000581,51.5235509156287,-0.0739431381225586
POINT_000582,51.5236176696359,-0.0494384765625
POINT_000583,51.5236176696359,-0.0212860107421875
POINT_000584,51.523637695819,-0.0802302360534668
POINT_000585,51.5236443712115,-0.104691982269287
POINT_000586,51.5237378266025,-0.168646574020386
POINT_000587,51.5237445019802,-0.158261060714722
POINT_000588,51.5237912295969,-0.141143202781677
POINT_000589,51.5237979049668,-0.134271383285522
POINT_000590,51.5238579832519,-0.110743045806885
POINT_000591,51.5238713339712,-0.173560380935669
POINT_000592,51.5238980353979,-0.128531455993652
POINT_000593,51.5239180614578,-0.0842750072479248
POINT_000594,51.5240181916247,-0.167326927185059
POINT_000595,51.5241650488045,-0.047990083694458
POINT_000596,51.5241717241196,-0.0532686710357666
POINT_000597,51.5242451525212,-0.111075639724731
POINT_000598,51.5243013362769,-0.0903904438018799
POINT_000599,51.5243252560969,-0.171672105789185
POINT_000600,51.5243452819688,-0.110056400299072
POINT_000601,51.5243719831177,-0.0180137157440186
POINT_000602,51.5244175975611,-0.117443203926086
POINT_000603,51.524428723007,-0.0325673818588257
POINT_000604,51.5244787875566,-0.0529897212982178
POINT_000605,51.5244921380938,-0.149441957473755
POINT_000606,51.5245188391565,-0.0899237394332886
POINT_000607,51.5246122927528,-0.115334987640381
POINT_000608,51.5247713859509,-0.122802257537842
POINT_000609,51.5247724984717,-0.127640962600708
POINT_000610,51.5248259002527,-0.0450825691223145
POINT_000611,51.5248392506882,-0.16203761100769
POINT_000612,51.5249594044313,-0.197646617889404
POINT_000613,51.52496607963,-0.125409364700317
POINT_000614,51.5250283814539,-0.124631524085999
POINT_000615,51.5251262841041,-0.114229917526245
POINT_000616,51.5251663351346,-0.211969614028931
POINT_000617,51.5251663351346,-0.0592553615570068
POINT_000618,51.5253532394776,-0.0525176525115967
POINT_000619,51.5255134425896,-0.0803911685943604
POINT_000620,51.5255334679389,-0.0826013088226318
POINT_000621,51.5255334679389,-0.0447392463684082
POINT_000622,51.5255401430534,-0.0666797161102295
POINT_000623,51.525666970043,-0.125409364700317
POINT_000624,51.5256736451379,-0.103576183319092
POINT_000625,51.5256803202318,-0.0874936580657959
POINT_000626,51.5257670963641,-0.064544677734375
POINT_000627,51.5258538723311,-0.10312557220459
POINT_000628,51.5258839101272,-0.0285172462463379
POINT_000629,51.5259039353136,-0.134899020195007
POINT_000630,51.526047448892,-0.0383985042572021
POINT_000631,51.526080824078,-0.106966495513916
POINT_000632,51.5260841615952,-0.0277930498123169
POINT_000633,51.5261075242092,-0.1053786277771
POINT_000634,51.5261865119715,-0.21074652671814
POINT_000635,51.5262610496594,-0.0167155265808105
POINT_000636,51.5262677246673,-0.125741958618164
POINT_000637,51.5263467121517,-0.11361837387085
POINT_000638,51.5263544996801,-0.143519639968872
POINT_000639,51.5263611746742,-0.0725376605987549
POINT_000640,51.5263645121709,-0.0164526700973511
POINT_000641,51.5263811996508,-0.124164819717407
POINT_000642,51.526420137046,-0.0772476196289062
POINT_000643,51.5264746494248,-0.106537342071533
POINT_000644,51.5264813244013,-0.11510968208313
POINT_000645,51.5266014738114,-0.0905084609985352
POINT_000646,51.5266081487693,-0.0350940227508545
POINT_000647,51.5266348485913,-0.0255560874938965
POINT_000648,51.5266615483975,-0.128531455993652
POINT_000649,51.5267082730208,-0.137597322463989
POINT_000650,51.5267216229044,-0.205811262130737
POINT_000651,51.5267349727841,-0.107277631759644
POINT_000652,51.5267683474661,-0.120699405670166
POINT_000653,51.5268884961187,-0.123327970504761
POINT_000654,51.5269185332323,-0.0241237878799438
POINT_000655,51.5269452328723,-0.122142434120178
POINT_000656,51.5269613638802,-0.0828319787979126
POINT_000657,51.5269619201393,-0.113049745559692
POINT_000658,51.5269752699485,-0.0997459888458252
POINT_000659,51.5269819448516,-0.206412076950073
POINT_000660,51.5270353440414,-0.0507581233978271
POINT_000661,51.5270420189357,-0.133509635925293
POINT_000662,51.5271087678252,-0.0913023948669434
POINT_000663,51.5271488171118,-0.127683877944946
POINT_000664,51.5272355904454,-0.118178129196167
POINT_000665,51.5272622898994,-0.110710859298706
POINT_000666,51.5273423881675,-0.102889537811279
POINT_000667,51.5273490630168,-0.0850903987884521
POINT_000668,51.5273757624043,-0.0239735841751099
POINT_000669,51.5273824372487,-0.121922492980957
POINT_000670,51.5274452919686,-0.0816142559051514
POINT_000671,51.5276561050273,-0.100228786468506
POINT_000672,51.5276627798306,-0.0965917110443115
POINT_000673,51.5277195156193,-0.0136041641235352
POINT_000674,51.5277762513373,-0.0983190536499023
POINT_000675,51.5277862635155,-0.0202345848083496
POINT_000676,51.5277896009077,-0.0516378879547119
POINT_000677,51.5279030720984,-0.103758573532104
POINT_000678,51.5279164216316,-0.0877940654754639
POINT_000679,51.5279965187489,-0.119165182113647
POINT_000680,51.5280432420022,-0.125441551208496
POINT_000681,51.5280666036109,-0.0652581453323364
POINT_000682,51.5281099894238,-0.181006193161011
POINT_000683,51.5281099894238,-0.0283563137054443
POINT_000684,51.5282034356497,-0.0737392902374268
POINT_000685,51.5282902069734,-0.103908777236938
POINT_000686,51.5284971225395,-0.122265815734863
POINT_000687,51.5285171465766,-0.0365424156188965
POINT_000688,51.5285772186351,-0.142875909805298
POINT_000689,51.5286372906144,-0.0864851474761963
POINT_000690,51.5286573145899,-0.112041234970093
POINT_000691,51.5286873505366,-0.0694531202316284
POINT_000692,51.5287440850486,-0.083695650100708
POINT_000693,51.5287507596924,-0.0973427295684814
POINT_000694,51.5287641089771,-0.118660926818848
POINT_000695,51.5290444430516,-0.062870979309082
POINT_000696,51.5291045144145,-0.101687908172607
POINT_000697,51.529164585698,-0.122265815734863
POINT_000698,51.5291946213101,-0.0612831115722656
POINT_000699,51.5293742783367,-0.113339424133301
POINT_000700,51.5295450353199,-0.119390487670898
POINT_000701,51.5298854349184,-0.116429328918457
POINT_000702,51.5299388307029,-0.0937807559967041
POINT_000703,51.5299521796393,-0.0515520572662354
POINT_000704,51.529958854106,-0.211046934127808
POINT_000705,51.5300322731751,-0.130548477172852
POINT_000706,51.5302113706768,-0.115506649017334
POINT_000707,51.5302258319717,-0.107481479644775
POINT_000708,51.5302525296722,-0.0908195972442627
POINT_000709,51.5302892389848,-0.0738197565078735
POINT_000710,51.5303192738549,-0.109230279922485
POINT_000711,51.5303860179397,-0.0292682647705078
POINT_000712,51.5304127155462,-0.105893611907959
POINT_000713,51.5304260643436,-0.200017690658569
POINT_000714,51.5304861338834,-0.140655040740967
POINT_000715,51.5305361917727,-0.056004524230957
POINT_000716,51.5305384165326,-0.124229192733765
POINT_000717,51.5306863651104,-0.111075639724731
POINT_000718,51.5307052757579,-0.101580619812012
POINT_000719,51.5307464343068,-0.085294246673584
POINT_000720,51.5307664573546,-0.0542932748794556
POINT_000721,51.5307998290815,-0.144903659820557
POINT_000722,51.5308131777654,-0.0798439979553223
POINT_000723,51.5308865954567,-0.138745307922363
POINT_000724,51.5309466643889,-0.136867761611938
POINT_000725,51.531038992374,-0.118027925491333
POINT_000726,51.5311669164621,-0.135022401809692
POINT_000727,51.5312962306298,-0.031135082244873
POINT_000728,51.5313471219112,-0.0377976894378662
POINT_000729,51.5313604704346,-0.140172243118286
POINT_000730,51.5313738189541,-0.13034462928772
POINT_000731,51.5314739327255,-0.0749623775482178
POINT_000732,51.531560697816,-0.175126791000366
POINT_000733,51.5315940689607,-0.110045671463013
POINT_000734,51.531700856459,-0.132318735122681
POINT_000735,51.5317208790871,-0.0907015800476074
POINT_000736,51.5320679365742,-0.0947785377502441
POINT_000737,51.5321680488192,-0.102846622467041
POINT_000738,51.5321813971019,-0.0535851716995239
POINT_000739,51.5322214419265,-0.0932013988494873
POINT_000740,51.5322881832225,-0.0885450839996338
POINT_000741,51.5323482503053,-0.0928366184234619
POINT_000742,51.5323816208726,-0.0909698009490967
POINT_000743,51.5324149914155,-0.120195150375366
POINT_000744,51.5325084288053,-0.0860345363616943
POINT_000745,51.5326485845304,-0.110292434692383
POINT_000746,51.532735347382,-0.14033317565918
POINT_000747,51.5328554802883,-0.0677847862243652
POINT_000748,51.5328621543293,-0.0930297374725342
POINT_000749,51.532928894686,-0.0753164291381836
POINT_000750,51.5329689388531,-0.0794792175292969
POINT_000751,51.5330356790532,-0.0801980495452881
POINT_000752,51.533129115169,-0.077129602432251
POINT_000753,51.5331357891699,-0.100035667419434
POINT_000754,51.533182507149,-0.114777088165283
POINT_000755,51.5332025291254,-0.171736478805542
POINT_000756,51.5332959648987,-0.110378265380859
POINT_000757,51.5333693785861,-0.116032361984253
POINT_000758,51.5334160963255,-0.0933301448822021
POINT_000759,51.533442792155,-0.102020502090454
POINT_000760,51.5335028577143,-0.111579895019531
POINT_000761,51.5335362274352,-0.135537385940552
POINT_000762,51.5335896189377,-0.0362634658813477
POINT_000763,51.5336029668036,-0.0841677188873291
POINT_000764,51.533622988595,-0.0724303722381592
POINT_000765,51.5336430103777,-0.0720226764678955
POINT_000766,51.5336697060742,-0.118929147720337
POINT_000767,51.5336830539165,-0.117534399032593
POINT_000768,51.5337230974202,-0.106698274612427
POINT_000769,51.5338365538225,-0.0910556316375732
POINT_000770,51.5338432277197,-0.0882124900817871
POINT_000771,51.5339566838226,-0.101838111877441
POINT_000772,51.5340034009592,-0.0830733776092529
POINT_000773,51.5340300964443,-0.129507780075073
POINT_000774,51.5340300964443,-0.101151466369629
POINT_000775,51.5342436597617,-0.0944674015045166
POINT_000776,51.5343237457474,-0.16803503036499
POINT_000777,51.5343704625074,-0.0981473922729492
POINT_000778,51.5344638958834,-0.031886100769043
POINT_000779,51.5345106124994,-0.0719368457794189
POINT_000780,51.5345506552751,-0.133670568466187
POINT_000781,51.5345906980155,-0.0750374794006348
POINT_000782,51.5347375210956,-0.0330126285552979
POINT_000783,51.5348910174457,-0.111579895019531
POINT_000784,51.535017818388,-0.0337314605712891
POINT_000785,51.535024492112,-0.17953634262085
POINT_000786,51.5351112504352,-0.0751447677612305
POINT_000787,51.5353114613192,-0.0703060626983643
POINT_000788,51.5354249137625,-0.113682746887207
POINT_000789,51.5354315874268,-0.0852406024932861
POINT_000790,51.5354716293923,-0.0947356224060059
POINT_000791,51.5355049976699,-0.109294652938843
POINT_000792,51.5356885227596,-0.0623077154159546
POINT_000793,51.5358653735096,-0.082021951675415
POINT_000794,51.5358920679027,-0.086667537689209
POINT_000795,51.5359788245723,-0.0570559501647949
POINT_000796,51.5362924819211,-0.174987316131592
POINT_000797,51.5362924819211,-0.138638019561768
POINT_000798,51.5363391966604,-0.143380165100098
POINT_000799,51.5363792378275,-0.0804769992828369
POINT_000800,51.5364459730275,-0.145000219345093
POINT_000801,51.5367329332728,-0.0853371620178223
POINT_000802,51.5368130148789,-0.0984907150268555
POINT_000803,51.5369197901344,-0.0670605897903442
POINT_000804,51.5369865245419,-0.119379758834839
POINT_000805,51.537079952548,-0.15630841255188
POINT_000806,51.537133339894,-0.075531005859375
POINT_000807,51.5371600335435,-0.174386501312256
POINT_000808,51.5371800537703,-0.0685733556747437
POINT_000809,51.5372067473924,-0.113049745559692
POINT_000810,51.5373268684981,-0.171650648117065
POINT_000811,51.5373936023088,-0.0955402851104736
POINT_000812,51.5374536626547,-0.189031362533569
POINT_000813,51.5375003762023,-0.105003118515015
POINT_000814,51.5376872299132,-0.12859582901001
POINT_000815,51.5378006764348,-0.136116743087769
POINT_000816,51.537900776072,-0.108404159545898
POINT_000817,51.5380142220614,-0.0944781303405762
POINT_000818,51.5382477864432,-0.109895467758179
POINT_000819,51.5383278653839,-0.155010223388672
POINT_000820,51.5385881209681,-0.0871181488037109
POINT_000821,51.5386481797377,-0.0686806440353394
POINT_000822,51.5386648627152,-0.0601136684417725
POINT_000823,51.5386815456865,-0.0559508800506592
POINT_000824,51.538708238428,-0.182991027832031
POINT_000825,51.5388617213878,-0.0720280408859253
POINT_000826,51.5388683945482,-0.11260986328125
POINT_000827,51.5388884140236,-0.121493339538574
POINT_000828,51.5389084334902,-0.0812065601348877
POINT_000829,51.5390352232407,-0.145719051361084
POINT_000830,51.5393355133462,-0.0910449028015137
POINT_000831,51.5394022442117,-0.143015384674072
POINT_000832,51.5394155903731,-0.101763010025024
POINT_000833,51.5394289365305,-0.171339511871338
POINT_000834,51.5395357056492,-0.0872576236724854
POINT_000835,51.5398760305431,-0.0856053829193115
POINT_000836,51.5399160685986,-0.0905513763427734
POINT_000837,51.540042855542,-0.19474983215332
POINT_000838,51.5400762204684,-0.146942138671875
POINT_000839,51.5400828934508,-0.139549970626831
POINT_000840,51.5401429502478,-0.083545446395874
POINT_000841,51.5401629691625,-0.0528073310852051
POINT_000842,51.5402964283691,-0.119288563728333
POINT_000843,51.5403631578256,-0.0576621294021607
POINT_000844,51.5404499059729,-0.108243227005005
POINT_000845,51.5407768782722,-0.155106782913208
POINT_000846,51.5407768782722,-0.119181275367737
POINT_000847,51.5408436070242,-0.113317966461182
POINT_000848,51.5412639959122,-0.0611865520477295
POINT_000849,51.5416376716636,-0.138305425643921
POINT_000850,51.5416376716636,-0.0793290138244629
POINT_000851,51.5417444356004,-0.133863687515259
POINT_000852,51.5418378538397,-0.0999176502227783
POINT_000853,51.5418545356479,-0.0574743747711182
POINT_000854,51.5420180170452,-0.089564323425293
POINT_000855,51.5421181074068,-0.0870430469512939
POINT_000856,51.5421381254526,-0.142178535461426
POINT_000857,51.542364996024,-0.105432271957397
POINT_000858,51.5423916866051,-0.0716149806976318
POINT_000859,51.5426185559123,-0.113146305084229
POINT_000860,51.5428988046714,-0.11461615562439
POINT_000861,51.5429455126302,-0.0877618789672852
POINT_000862,51.5429788754285,-0.139904022216797
POINT_000863,51.5430322558549,-0.09513258934021
POINT_000864,51.5430389284038,-0.103179216384888
POINT_000865,51.5430923087597,-0.121160745620728
POINT_000866,51.5433792271002,-0.030512809753418
POINT_000867,51.5434526245246,-0.162520408630371
POINT_000868,51.5434793144678,-0.117126703262329
POINT_000869,51.5435727291455,-0.16654372215271
POINT_000870,51.5436461262579,-0.200071334838867
POINT_000871,51.5437462130384,-0.152209997177124
POINT_000872,51.54391302385,-0.0722372531890869
POINT_000873,51.5439230324793,-0.0489717721939087
POINT_000874,51.5439930928224,-0.0898754596710205
POINT_000875,51.5443133673031,-0.087515115737915
POINT_000876,51.5444201249624,-0.101140737533569
POINT_000877,51.5444801760356,-0.0579464435577393
POINT_000878,51.5445402270297,-0.0337314605712891
POINT_000879,51.5445769248203,-0.0544756650924683
POINT_000880,51.5446136225814,-0.0832128524780273
POINT_000881,51.544840480811,-0.107588768005371
POINT_000882,51.5449939430897,-0.111236572265625
POINT_000883,51.5451140436424,-0.12732982635498
POINT_000884,51.5452474883292,-0.0868284702301025
POINT_000885,51.5452541605532,-0.0656068325042725
POINT_000886,51.5452741772196,-0.0965166091918945
POINT_000887,51.5453609160052,-0.147532224655151
POINT_000888,51.5453876048291,-0.140386819839478
POINT_000889,51.5455544096236,-0.0816464424133301
POINT_000890,51.5456344757077,-0.0867748260498047
POINT_000891,51.5458813452469,-0.153733491897583
POINT_000892,51.5460948529573,-0.0986623764038086
POINT_000893,51.5461282134466,-0.0864529609680176
POINT_000894,51.5462149506042,-0.170491933822632
POINT_000895,51.5465418814813,-0.0838136672973633
POINT_000896,51.5465819136722,-0.0784170627593994
POINT_000897,51.546595257728,-0.139249563217163
POINT_000898,51.5466019297544,-0.0776124000549316
POINT_000899,51.5466086017799,-0.115377902984619
POINT_000900,51.5466819939953,-0.0991237163543701
POINT_000901,51.5473491905233,-0.12908935546875
POINT_000902,51.5476560976407,-0.0984799861907959
POINT_000903,51.5476961288513,-0.0461769104003906
POINT_000904,51.5477161444433,-0.104659795761108
POINT_000905,51.5479429872045,-0.139721632003784
POINT_000906,51.548056408161,-0.0995957851409912
POINT_000907,51.5481431416428,-0.143723487854004
POINT_000908,51.5481898442183,-0.0731813907623291
POINT_000909,51.5488436752425,-0.0617659091949463
POINT_000910,51.5489437505904,-0.158690214157104
POINT_000911,51.549203945465,-0.067516565322876
POINT_000912,51.5498510903663,-0.0770866870880127
POINT_000913,51.5498844481014,-0.108683109283447
POINT_000914,51.5499244773513,-0.112481117248535
POINT_000915,51.5504048256023,-0.145128965377808
POINT_000916,51.5504448543943,-0.0590085983276367
POINT_000917,51.550698369259,-0.122416019439697
POINT_000918,51.5507317263728,-0.0745439529418945
POINT_000919,51.5508040000017,-0.102224349975586
POINT_000920,51.5508384689728,-0.1363205909729
POINT_000921,51.551182045016,-0.15282154083252
POINT_000922,51.5514455627471,-0.0554573535919189
POINT_000923,51.551772456039,-0.139979124069214
POINT_000924,51.5518124836276,-0.0426900386810303
POINT_000925,51.5524929472452,-0.130033493041992
POINT_000926,51.5527775825339,-0.037229061126709
POINT_000927,51.5528665307855,-0.115249156951904
POINT_000928,51.5528998863095,-0.0750696659088135
POINT_000929,51.5529399129061,-0.124486684799194
POINT_000930,51.5529665972842,-0.151909589767456
POINT_000931,51.5529799394674,-0.112041234970093
POINT_000932,51.5540806561024,-0.12984037399292
POINT_000933,51.5541540362644,-0.123403072357178
POINT_000934,51.554280783538,-0.132973194122314
POINT_000935,51.5543474924876,-0.177261829376221
POINT_000936,51.5546877066085,-0.113264322280884
POINT_000937,51.5553881394332,-0.180244445800781
POINT_000938,51.5554882003848,-0.0980722904205322
POINT_000939,51.5562886800732,-0.105957984924316
POINT_000940,51.5564354331546,-0.0642013549804688
POINT_000941,51.5564887977941,-0.103672742843628
POINT_000942,51.5566555618889,-0.116000175476074
POINT_000943,51.5569357241918,-0.0970208644866943
POINT_000944,51.5574493505981,-0.132737159729004
POINT_000945,51.5581564112274,-0.187711715698242
POINT_000946,51.5581564112274,-0.0921714305877686
POINT_000947,51.5587900883002,-0.104563236236572
POINT_000948,51.5594304266888,-0.100432634353638
POINT_000949,51.5597039017948,-0.0868713855743408
POINT_000950,51.5598306336034,-0.0828588008880615
POINT_000951,51.5601841467818,-0.0835990905761719
POINT_000952,51.5607377562377,-0.0968062877655029
POINT_000953,51.5607711059898,-0.158861875534058
POINT_000954,51.560957864149,-0.0957012176513672
POINT_000955,51.5616715400492,-0.119369029998779
POINT_000956,51.5617649173758,-0.122255086898804
POINT_000957,51.5617782569782,-0.0954329967498779
POINT_000958,51.5619183225675,-0.129057168960571
POINT_000959,51.5620383784435,-0.110785961151123
POINT_000960,51.5621250852679,-0.123435258865356
POINT_000961,51.5627253587489,-0.15056848526001
POINT_000962,51.5644260905804,-0.111536979675293
POINT_000963,51.5644861152476,-0.0817644596099854
POINT_000964,51.5650263336865,-0.137811899185181
POINT_000965,51.5664935612544,-0.0533866882324219
POINT_000966,51.5671671362348,-0.180995464324951
POINT_000967,51.5678607079648,-0.0991237163543701
POINT_000968,51.5685676067251,-0.0731384754180908
POINT_000969,51.5687476640869,-0.097353458404541
POINT_000970,51.5688943769656,-0.12285590171814
POINT_000971,51.5721419453572,-0.170159339904785
POINT_000972,51.573082163123,-0.0968384742736816
POINT_000973,52.2037208825852,0.117523670196533
POINT_000974,52.2050194712875,0.119814276695251
POINT_000975,52.205509308814,0.119197368621826
POINT_000976,52.2073173871579,0.119647979736328
POINT_000977,52.2081983877637,0.133772492408752
POINT_000978,52.2135366147959,0.132490396499634
POINT_000979,52.4294119900715,-1.92616939544678
POINT_000980,52.4379939738015,-1.88457369804382
POINT_000981,52.4471882436937,-1.88782453536987
POINT_000982,52.4549502506641,-1.89127922058105
POINT_000983,52.4578007229419,-1.89073204994202
POINT_000984,52.4578399483375,-1.96466445922852
POINT_000985,52.4579641618598,-1.8742311000824
POINT_000986,52.4607229192444,-2.01107740402222
POINT_000987,52.4624748365588,-1.8231189250946
POINT_000988,52.4658673438792,-1.88926219940186
POINT_000989,52.4675536953196,-1.88650488853455
POINT_000990,52.4679131804895,-1.8536102771759
POINT_000991,52.4680373655931,-1.89687967300415
POINT_000992,52.4680700458253,-1.89753413200378
POINT_000993,52.4683314868094,-1.90530180931091
POINT_000994,52.4684360627682,-1.90077424049377
POINT_000995,52.4686256060603,-1.8787693977356
POINT_000996,52.4690896568816,-1.89869284629822
POINT_000997,52.4692073027912,-1.89374685287476
POINT_000998,52.469233446284,-1.89499139785767
POINT_000999,52.4694491295069,-1.9165563583374
POINT_001000,52.4695994535523,-1.89442276954651
POINT_001001,52.4699719935391,-1.88626885414124
POINT_001002,52.4702530303898,-1.88777089118957
POINT_001003,52.470364137487,-1.88110828399658
POINT_001004,52.4707497422953,-1.90678238868713
POINT_001005,52.4719130719232,-1.90766215324402
POINT_001006,52.4723444110491,-1.91250085830688
POINT_001007,52.4726842510193,-1.88706278800964
POINT_001008,52.4729129879831,-1.89720153808594
POINT_001009,52.4732854999223,-1.88860774040222
POINT_001010,52.4733639230867,-1.90467953681946
POINT_001011,52.4734162051186,-1.88913345336914
POINT_001012,52.4735305718469,-1.91622376441956
POINT_001013,52.4735534451569,-1.89854264259338
POINT_001014,52.4738148535696,-1.89843535423279
POINT_001015,52.4738769378394,-1.91436231136322
POINT_001016,52.4740043736978,-1.8966543674469
POINT_001017,52.47410240103,-1.88678383827209
POINT_001018,52.47410240103,-1.88166618347168
POINT_001019,52.4742134984093,-1.88804984092712
POINT_001020,52.474252709182,-1.89903616905212
POINT_001021,52.4744030168207,-1.90440058708191
POINT_001022,52.4746905604379,-1.90005540847778
POINT_001023,52.4750107772549,-1.8939882516861
POINT_001024,52.4751937572469,-1.89965844154358
POINT_001025,52.4752068272173,-1.89215898513794
POINT_001026,52.4753375267069,-1.89561903476715
POINT_001027,52.4757002157574,-1.90430402755737
POINT_001028,52.4757296228467,-1.92432403564453
POINT_001029,52.4758080416555,-1.88490629196167
POINT_001030,52.4758158835087,-1.91931366920471
POINT_001031,52.476056366961,-1.89002394676209
POINT_001032,52.4760759715308,-1.85637831687927
POINT_001033,52.4762393426053,-1.89333915710449
POINT_001034,52.4765987568342,-1.89663290977478
POINT_001035,52.4767359869471,-1.88953042030334
POINT_001036,52.4768078692164,-1.89783453941345
POINT_001037,52.4769647028509,-1.92548274993896
POINT_001038,52.4770627235886,-1.89033508300781
POINT_001039,52.4774352004005,-1.89366102218628
POINT_001040,52.4774809429495,-1.90337061882019
POINT_001041,52.47753322009,-1.9037139415741
POINT_001042,52.477788070261,-1.92732810974121
POINT_001043,52.4777946048614,-1.90145015716553
POINT_001044,52.4781344027428,-1.90116047859192
POINT_001045,52.478500335988,-1.90901398658752
POINT_001046,52.4786636980613,-1.8890905380249
POINT_001047,52.4787159737966,-1.90496921539307
POINT_001048,52.4790165580696,-1.88787817955017
POINT_001049,52.4791929870125,-1.90197587013245
POINT_001050,52.4792975371634,-1.89992666244507
POINT_001051,52.4794151557862,-1.92523598670959
POINT_001052,52.4794804993296,-1.91129922866821
POINT_001053,52.4802319431041,-1.90826296806335
POINT_001054,52.4803756961028,-1.89000248908997
POINT_001055,52.4805259828265,-1.89640760421753
POINT_001056,52.480539051213,-1.90363883972168
POINT_001057,52.4806305298098,-1.90509796142578
POINT_001058,52.480637063988,-1.90065622329712
POINT_001059,52.4807612131895,-1.89754486083984
POINT_001060,52.4809507034006,-1.90073132514954
POINT_001061,52.4810748517171,-1.91362738609314
POINT_001062,52.4815387712729,-1.90463662147522
POINT_001063,52.4816498498772,-1.90829515457153
POINT_001064,52.4817413261643,-1.89069986343384
POINT_001065,52.4820026859366,-1.89165472984314
POINT_001066,52.4820157538845,-1.89639687538147
POINT_001067,52.4822771120264,-1.9071900844574
POINT_001068,52.4827279511718,-1.93397998809814
POINT_001069,52.4828324929225,-1.91920638084412
POINT_001070,52.4828586283213,-1.91564440727234
POINT_001071,52.4830285080353,-1.8965470790863
POINT_001072,52.4833486641747,-1.90419673919678
POINT_001073,52.4834662719673,-1.88976645469666
POINT_001074,52.4842829840759,-1.8781042098999
POINT_001075,52.4843221858757,-1.91349864006042
POINT_001076,52.4844267238378,-1.90132141113281
POINT_001077,52.4845443287482,-1.90446496009827
POINT_001078,52.4845639295361,-1.91618084907532
POINT_001079,52.4846553997638,-1.88576459884644
POINT_001080,52.4846750005022,-1.88139796257019
POINT_001081,52.4847926047488,-1.90375685691833
POINT_001082,52.4848579403055,-1.89984083175659
POINT_001083,52.4848677406307,-1.89562439918518
POINT_001084,52.4850931475062,-1.89663827419281
POINT_001085,52.4852630185912,-1.89124703407288
POINT_001086,52.4852956860324,-1.90685749053955
POINT_001087,52.4853904214745,-1.8965095281601
POINT_001088,52.4853936882103,-1.89860701560974
POINT_001089,52.4854263555544,-1.90446496009827
POINT_001090,52.4854851567126,-1.88735246658325
POINT_001091,52.4856615597157,-1.88035726547241
POINT_001092,52.4856811600058,-1.90834879875183
POINT_001093,52.4859294295899,-1.89899325370789
POINT_001094,52.4859751633079,-1.88288927078247
POINT_001095,52.4860274303559,-1.9230580329895
POINT_001096,52.4861450309868,-1.89445495605469
POINT_001097,52.4861515643459,-1.90569877624512
POINT_001098,52.486295298002,-1.88068985939026
POINT_001099,52.4863998312751,-1.89549565315247
POINT_001100,52.486497830993,-1.90297365188599
POINT_001101,52.4865304975171,-1.88697695732117
POINT_001102,52.4865644706565,-1.87741327325057
POINT_001103,52.4867068963281,-1.90862774848938
POINT_001104,52.4867134296038,-1.89510941505432
POINT_001105,52.4867689624081,-1.91246867179871
POINT_001106,52.4870204924675,-1.88075423240662
POINT_001107,52.4870466253782,-1.89144015312195
POINT_001108,52.4873144868177,-1.88871502876282
POINT_001109,52.4875235482712,-1.90860629081726
POINT_001110,52.4878828703228,-1.90515160560608
POINT_001111,52.4880788629318,-1.90852046012878
POINT_001112,52.4882291233406,-1.89381122589111
POINT_001113,52.4882487224865,-1.90487265586853
POINT_001114,52.4883597841484,-1.88134431838989
POINT_001115,52.4884055153395,-1.91118121147156
POINT_001116,52.4887190993685,-1.89122557640076
POINT_001117,52.4887517642429,-1.8971049785614
POINT_001118,52.4889673518058,-1.90502285957336
POINT_001119,52.4890588128769,-1.9115138053894
POINT_001120,52.4890784116531,-1.89285635948181
POINT_001121,52.4893919908845,-1.90341353416443
POINT_001122,52.4894899839358,-1.90040946006775
POINT_001123,52.489561845368,-1.89702987670898
POINT_001124,52.4895879767688,-1.90515160560608
POINT_001125,52.4898362243019,-1.91196441650391
POINT_001126,52.4902020602177,-1.90934658050537
POINT_001127,52.490496033302,-1.89834952354431
POINT_001128,52.4906397527614,-1.90386414527893
POINT_001129,52.4907312103547,-1.88589334487915
POINT_001130,52.4907508083856,-1.91199660301208
POINT_001131,52.4907638737347,-1.88942313194275
POINT_001132,52.4908096024261,-1.90163254737854
POINT_001133,52.4914497991124,-1.90914273262024
POINT_001134,52.4914955270906,-1.89380049705505
POINT_001135,52.4916849710649,-1.90361738204956
POINT_001136,52.4920246616649,-1.90331697463989
POINT_001137,52.4921879735194,-1.91446423530579
POINT_001138,52.4922010384416,-1.89340353012085
POINT_001139,52.4931939611689,-1.90929293632507
POINT_001140,52.494428550923,-1.94397926330566
POINT_001141,52.4945200006371,-1.9145393371582
POINT_001142,52.4948596693385,-1.89581215381622
POINT_001143,52.4967735227867,-1.8920624256134
POINT_001144,52.4975377345085,-1.87673091888428
POINT_001145,52.4983541853474,-1.86448931694031
POINT_001146,52.4991902152954,-1.8807327747345
POINT_001147,52.5009601949932,-1.91592335700989
POINT_001148,52.501789644352,-1.94868922233582
POINT_001149,52.5036013164841,-1.87432980550511
POINT_001150,52.5037227884147,-1.9566822052002
POINT_001151,52.5040493246273,-1.94698333740234
POINT_001152,52.5263786448369,-1.86765432357788
POINT_001153,52.5277167377877,-1.84333205223083
POINT_001154,52.5342604042339,-1.91895961761475
POINT_001155,53.3243243361685,-1.51182174682617
POINT_001156,53.3246191109568,-1.36500835418701
POINT_001157,53.3268234491648,-1.52802228927612
POINT_001158,53.3463243169157,-2.8934383392334
POINT_001159,53.3470928938141,-2.87871837615967
POINT_001160,53.3480920230684,-1.47607326507568
POINT_001161,53.3481483835277,-2.90152788162231
POINT_001162,53.3482124293915,-2.89578795433044
POINT_001163,53.3485339381544,-1.33598685264587
POINT_001164,53.3493716428951,-2.89544463157654
POINT_001165,53.3494869220728,-2.9089629650116
POINT_001166,53.3498647794142,-2.90144205093384
POINT_001167,53.3500248874469,-2.91208505630493
POINT_001168,53.3545281598344,-2.89892077445984
POINT_001169,53.3549059724905,-2.89851307868958
POINT_001170,53.3550468509288,-1.3613498210907
POINT_001171,53.3566553936166,-1.4692497253418
POINT_001172,53.3584790180976,-1.37014746665955
POINT_001173,53.3590552877224,-1.47325158119202
POINT_001174,53.3601053590013,-1.53422355651855
POINT_001175,53.3653745332904,-1.35385036468506
POINT_001176,53.3670099597872,-1.50452871999732
POINT_001177,53.3680568881173,-2.86689519882202
POINT_001178,53.3683705653607,-1.53186321258545
POINT_001179,53.3690939346888,-2.91746020317078
POINT_001180,53.369260371911,-1.48539662361145
POINT_001181,53.3698236930687,-1.47197484970093
POINT_001182,53.371327980107,-1.57773435115814
POINT_001183,53.3715200129265,-1.48430228233337
POINT_001184,53.3717888574194,-1.47201776504517
POINT_001185,53.3729282271503,-1.46545171737671
POINT_001186,53.3731970627552,-1.47080540657043
POINT_001187,53.3735363052635,-1.47123456001282
POINT_001188,53.3736899236237,-2.86533951759338
POINT_001189,53.3743391473461,-1.49446570892906
POINT_001190,53.3748228419199,-1.46949648857117
POINT_001191,53.3749252511282,-1.473069190979
POINT_001192,53.3750699037544,-2.87570786502329
POINT_001193,53.3751812730716,-2.86683082580566
POINT_001194,53.3754756964039,-1.48317575454712
POINT_001195,53.3754884973721,-1.48118019104004
POINT_001196,53.375667710524,-1.48435592651367
POINT_001197,53.3758981263255,-1.48331522941589
POINT_001198,53.3759685309051,-1.47300481796265
POINT_001199,53.3761605428033,-2.93119311332703
POINT_001200,53.3762565484278,-1.47034406661987
POINT_001201,53.3763269524148,-1.48086905479431
POINT_001202,53.3763781552414,-1.46886348724365
POINT_001203,53.3764376151849,-1.49901956418034
POINT_001204,53.3766533693796,-1.45696520805359
POINT_001205,53.3767301730078,-1.47046208381653
POINT_001206,53.3768197770655,-1.4897632598877
POINT_001207,53.3773253960388,-2.86694669513963
POINT_001208,53.3774085990407,-1.48492455482483
POINT_001209,53.3776326052631,-1.47745728492737
POINT_001210,53.3777478080044,-1.47085905075073
POINT_001211,53.3777542081475,-1.47824048995972
POINT_001212,53.3780550137908,-1.47098779678345
POINT_001213,53.3782278160719,-1.45838141441345
POINT_001214,53.3785990186009,-1.47819757461548
POINT_001215,53.3786310186674,-1.471266746521
POINT_001216,53.3788102185956,-1.47040843963623
POINT_001217,53.3790726171299,-1.47754311561584
POINT_001218,53.3793222142352,-1.4876925945282
POINT_001219,53.3793414139519,-1.47642731666565
POINT_001220,53.3794246126244,-1.48106217384338
POINT_001221,53.3795462103918,-1.46935701370239
POINT_001222,53.379603809213,-1.47909879684448
POINT_001223,53.3798982019716,-1.47489309310913
POINT_001224,53.380173393362,-1.47148132324219
POINT_001225,53.3803269877833,-1.46749019622803
POINT_001226,53.3804997808451,-1.48425936698914
POINT_001227,53.38061497583,-1.4741313457489
POINT_001228,53.3806661735011,-1.46915316581726
POINT_001229,53.3808901625882,-1.46470069885254
POINT_001230,53.3810565537188,-1.45502328872681
POINT_001231,53.3812421430589,-1.47598743438721
POINT_001232,53.3812741411392,-1.46963596343994
POINT_001233,53.3816837144438,-1.47534370422363
POINT_001234,53.3821060827879,-1.45825266838074
POINT_001235,53.3822276728982,-1.45231962203979
POINT_001236,53.382426056017,-1.47151350975037
POINT_001237,53.3825156480902,-1.46014094352722
POINT_001238,53.3827716889481,-1.48156364182796
POINT_001239,53.3831555859881,-1.4716100692749
POINT_001240,53.383168384648,-1.46496891975403
POINT_001241,53.3835139470098,-2.96876549720764
POINT_001242,53.3838019135999,-1.47007123272488
POINT_001243,53.3842434584389,-1.4716054562814
POINT_001244,53.3843714414966,-2.95915246009827
POINT_001245,53.3844866260074,-1.46800518035889
POINT_001246,53.3846913977017,-2.96240329742432
POINT_001247,53.3847233932876,-1.47216335575649
POINT_001248,53.384966622461,-1.48714564031252
POINT_001249,53.3850817410158,-1.46673917770386
POINT_001250,53.3853504999059,-1.46449685096741
POINT_001251,53.3856320551163,-1.47538200657436
POINT_001252,53.3857344382343,-2.90768623352051
POINT_001253,53.3858061064169,-2.94633150100708
POINT_001254,53.3859328050141,-2.9677677154541
POINT_001255,53.3859328051117,-1.47080079357693
POINT_001256,53.3861493010036,-2.9758358001709
POINT_001257,53.3867902507846,-1.46291971206665
POINT_001258,53.387038736162,-2.96820759773254
POINT_001259,53.3870636062856,-1.4831146016877
POINT_001260,53.3870653989999,-2.86725568483234
POINT_001261,53.3873917323851,-1.47383705418179
POINT_001262,53.3877244631826,-1.47533909123013
POINT_001263,53.3879292192062,-1.46548390388489
POINT_001264,53.3880571912819,-1.46449685096741
POINT_001265,53.3888045405398,-2.94949436191018
POINT_001266,53.3888058202167,-1.4672327041626
POINT_001267,53.3889913757798,-1.49407625198364
POINT_001268,53.3889977742331,-1.45872473716736
POINT_001269,53.38920252423,-2.9213011264801
POINT_001270,53.3904988248308,-2.92911171913147
POINT_001271,53.3906165520088,-1.44582867622375
POINT_001272,53.3906293484258,-1.44328594207764
POINT_001273,53.3908404887512,-2.97563195228577
POINT_001274,53.3914675053623,-2.9753315448761
POINT_001275,53.3922544621193,-2.969731092453
POINT_001276,53.3927317475422,-2.98106074333191
POINT_001277,53.3928046834041,-1.44789934158325
POINT_001278,53.3933996821375,-2.96949505805969
POINT_001279,53.3934367893294,-2.97369861606057
POINT_001280,53.393499487601,-2.97246694564819
POINT_001281,53.3936722272058,-2.98226237297058
POINT_001282,53.3938219342571,-2.98203706741333
POINT_001283,53.3938846319614,-2.97441744807657
POINT_001284,53.3941789259824,-2.96602749827798
POINT_001285,53.3951449637911,-2.9699757099479
POINT_001286,53.3956900297327,-2.98230528831482
POINT_001287,53.3959843112699,-2.98371076583862
POINT_001288,53.3961954250322,-2.97791719436646
POINT_001289,53.3966944170344,-2.967209815979
POINT_001290,53.3969886916264,-2.97598600387573
POINT_001291,53.3974940715036,-2.96113729476929
POINT_001292,53.3977307663443,-2.98113584518433
POINT_001293,53.3979098858892,-2.98510551452637
POINT_001294,53.3981273871802,-2.96108365058899
POINT_001295,53.3982937109468,-2.97992348670959
POINT_001296,53.3983192991608,-1.45357489585876
POINT_001297,53.3984088577889,-2.9698920249939
POINT_001298,53.3984684810201,-1.41739694667194
POINT_001299,53.3986647385449,-2.99139261245728
POINT_001300,53.3986775325423,-2.97540664672852
POINT_001301,53.3986967235312,-2.96626567840576
POINT_001302,53.3987478994593,-2.97644734382629
POINT_001303,53.3989717934211,-2.98579216003418
POINT_001304,53.3993875933676,-2.95895934104919
POINT_001305,53.3995091341231,-2.98908591270447
POINT_001306,53.3996498650904,-2.95096635818481
POINT_001307,53.3996818493363,-2.96234965324402
POINT_001308,53.3998097860793,-2.98352837562561
POINT_001309,53.3999313256288,-2.93056011199951
POINT_001310,53.4000976423446,-2.97362565994263
POINT_001311,53.4001680069133,-2.98821687698364
POINT_001312,53.4003471161994,-2.97547101974487
POINT_001313,53.4005390181694,-2.97455906867981
POINT_001314,53.4005518116032,-2.97622203826904
POINT_001315,53.4006093820082,-2.98412919044495
POINT_001316,53.4006413655328,-2.9672634601593
POINT_001317,53.4009548028019,-2.96330451965332
POINT_001318,53.4011339087762,-2.99028754234314
POINT_001319,53.4011339087762,-2.98689723014832
POINT_001320,53.4015944635339,-2.98598527908325
POINT_001321,53.401684015269,-2.98588871955872
POINT_001322,53.4016968083587,-2.98802375793457
POINT_001323,53.4018759112096,-2.9803740978241
POINT_001324,53.4019014972696,-2.98092126846313
POINT_001325,53.4023492508294,-1.49237036705017
POINT_001326,53.4026562791185,-2.98941850662231
POINT_001327,53.4026946574989,-2.9813289642334
POINT_001328,53.4027330358446,-2.98548102378845
POINT_001329,53.403219158561,-2.98083543777466
POINT_001330,53.4033278957769,-2.9672634601593
POINT_001331,53.4034494252776,-2.95809030532837
POINT_001332,53.4035709544311,-2.91617274284363
POINT_001333,53.4037308606832,-2.99205780029297
POINT_001334,53.403750049393,-2.99510478973389
POINT_001335,53.4038395965913,-2.99147844314575
POINT_001336,53.4038715776878,-2.98548102378845
POINT_001337,53.4040826523222,-2.95837998390198
POINT_001338,53.4041274255949,-2.98065304756165
POINT_001339,53.4042105758334,-2.98891425132751
POINT_001340,53.4042745374447,-2.98962235450745
POINT_001341,53.4042809336006,-1.41939282417297
POINT_001342,53.4043129143654,-2.97199487686157
POINT_001343,53.4043448951062,-2.97856092453003
POINT_001344,53.404453629445,-1.47139549255371
POINT_001345,53.4044600255739,-2.97776699066162
POINT_001346,53.4044664217018,-2.99229383468628
POINT_001347,53.4045879479504,-2.97409772872925
POINT_001348,53.4046135323795,-2.95137405395508
POINT_001349,53.4047030777604,-2.9888391494751
POINT_001350,53.4047542464649,-2.9882276058197
POINT_001351,53.4051060296419,-2.97308921813965
POINT_001352,53.4052147620354,-2.98444032669067
POINT_001353,53.4053043061508,-2.97392606735229
POINT_001354,53.4053107021519,-2.98326015472412
POINT_001355,53.4054386219706,-2.98405408859253
POINT_001356,53.4054578099102,-2.98489093780518
POINT_001357,53.4056177090706,-2.98975110054016
POINT_001358,53.4056880645107,-2.96143770217896
POINT_001359,53.405828775042,-2.98078179359436
POINT_001360,53.405854358725,-2.97626495361328
POINT_001361,53.405950297399,-2.98553466796875
POINT_001362,53.4062509038435,-2.98776626586914
POINT_001363,53.4062572997022,-2.97709107398987
POINT_001364,53.4062956748343,-2.99233675003052
POINT_001365,53.4063276540846,-2.97921538352966
POINT_001366,53.4065323207174,-2.96887278556824
POINT_001367,53.4067433821512,-2.97510623931885
POINT_001368,53.4069672340428,-2.97246694564819
POINT_001369,53.4070439829916,-2.97315359115601
POINT_001370,53.4071079403432,-2.97355055809021
POINT_001371,53.4074277256587,-2.96428084373474
POINT_001372,53.407677156536,-2.96637296676636
POINT_001373,53.4077922779862,-2.96550393104553
POINT_001374,53.4079457727684,-2.99667119979858
POINT_001375,53.4081696183329,-2.9918110370636
POINT_001376,53.4082719473415,-2.99162864685059
POINT_001377,53.4083998582561,-2.97049283981323
POINT_001378,53.4084254403929,-2.97773480415344
POINT_001379,53.4084318359247,-2.9953408241272
POINT_001380,53.4085341643025,-2.98566341400146
POINT_001381,53.4085981194137,-2.98250913619995
POINT_001382,53.4087644022527,-2.97666192054749
POINT_001383,53.4087707977335,-2.98998713493347
POINT_001384,53.4088795207604,-2.97448396682739
POINT_001385,53.4089306844417,-2.97231674194336
POINT_001386,53.4090713842477,-2.99602746963501
POINT_001387,53.4090969659806,-2.98497676849365
POINT_001388,53.4091481294003,-2.99386024475098
POINT_001389,53.4092376652367,-2.97616839408875
POINT_001390,53.4094231317268,-2.98907518386841
POINT_001391,53.409730108968,-2.98814177513123
POINT_001392,53.4101317341995,-2.91650533676147
POINT_001393,53.41033766156,-2.99424648284912
POINT_001394,53.410395218724,-2.96680212020874
POINT_001395,53.4104271948926,-2.9986560344696
POINT_001396,53.4105870753748,-2.98526644706726
POINT_001397,53.4106318418021,-2.99596309661865
POINT_001398,53.4106510273994,-2.97440886497498
POINT_001399,53.4107405600723,-2.97590017318726
POINT_001400,53.4108236973856,-2.98133969306946
POINT_001401,53.4108543942182,-1.51990056037903
POINT_001402,53.4108684635639,-2.97329306602478
POINT_001403,53.4110027618161,-2.98669338226318
POINT_001404,53.4110283423875,-2.99853801727295
POINT_001405,53.4110347375279,-2.97152280807495
POINT_001406,53.4116102962304,-2.98135042190552
POINT_001407,53.4116550615809,-2.99176812171936
POINT_001408,53.4116742467166,-2.95579433441162
POINT_001409,53.4117190119997,-2.98615694046021
POINT_001410,53.4120055087156,-1.52656316757202
POINT_001411,53.4120259726719,-2.99852728843689
POINT_001412,53.412096317514,-2.98123240470886
POINT_001413,53.4121155024507,-2.99086689949036
POINT_001414,53.412205032041,-2.96657681465149
POINT_001415,53.4123444420474,-1.51982545852661
POINT_001416,53.4124224602615,-2.99192905426025
POINT_001417,53.4125439637829,-2.99847364425659
POINT_001418,53.4125951230565,-2.96047747135162
POINT_001419,53.4130299743976,-2.98780918121338
POINT_001420,53.4133049516274,-2.98780918121338
POINT_001421,53.4133177412228,-2.98040628433228
POINT_001422,53.4134392421866,-2.98416137695312
POINT_001423,53.4137461904438,-2.97941923141479
POINT_001424,53.4139827948802,-2.97768115997314
POINT_001425,53.4150890630226,-2.98047065734863
POINT_001426,53.4153512379597,-1.45583868026733
POINT_001427,53.4159714990587,-2.989901304245
POINT_001428,53.4159906822474,-2.98771262168884
POINT_001429,53.4162464572704,-2.9379415512085
POINT_001430,53.4166429055158,-2.989182472229
POINT_001431,53.4169370421484,-2.99985766410828
POINT_001432,53.4170777154708,-2.98874258995056
POINT_001433,53.4172567535718,-2.98176884651184
POINT_001434,53.4175061268136,-2.98453688621521
POINT_001435,53.4176595865432,-2.9758358001709
POINT_001436,53.4178897750991,-2.99933195114136
POINT_001437,53.4180560216147,-2.98045992851257
POINT_001438,53.4183437544325,-2.97562122344971
POINT_001439,53.4201596232997,-2.97612547874451
POINT_001440,53.4209908050076,-2.97581434249878
POINT_001441,53.4214958998008,-2.99968600273132
POINT_001442,53.4215406547463,-2.9572856426239
POINT_001443,53.4226083659051,-2.99676775932312
POINT_001444,53.4235290054964,-2.96846508979797
POINT_001445,53.4243281556448,-2.96980619430542
POINT_001446,53.4247373147063,-2.99489021301269
POINT_001447,53.4248332107917,-2.97897934913635
POINT_001448,53.4253702248726,-2.99308776855469
POINT_001449,53.4266360169381,-2.93292045593262
POINT_001450,53.4272305426268,-2.94044137001038
POINT_001451,53.4273520038414,-2.93610692024231
POINT_001452,53.428020674201,-2.91360425922903
POINT_001453,53.4329388445594,-2.23116874694824
POINT_001454,53.4338273018907,-2.99811959266663
POINT_001455,53.4346901743255,-2.21191048622131
POINT_001456,53.4361154731884,-2.9743402008171
POINT_001457,53.4390042737124,-2.18936920166016
POINT_001458,53.444998546877,-2.28501677513123
POINT_001459,53.4485320877819,-2.22301483154297
POINT_001460,53.4494125518857,-2.18850016593933
POINT_001461,53.4621765916172,-2.96090769807051
POINT_001462,53.4630650126551,-2.24736575000861
POINT_001463,53.4638449601728,-1.47280311663053
POINT_001464,53.4643176101293,-2.23414063453674
POINT_001465,53.4659692887758,-2.2158307992504
POINT_001466,53.4666731168718,-2.21134185791016
POINT_001467,53.4667638089123,-2.19463706016541
POINT_001468,53.468219964752,-2.2511887550354
POINT_001469,53.4683860144379,-2.23113656044006
POINT_001470,53.4687436577089,-2.24909663200378
POINT_001471,53.4688202951606,-2.23603963851929
POINT_001472,53.4695164123435,-2.26541519165039
POINT_001473,53.4697846379357,-2.25436449050903
POINT_001474,53.4697974105407,-2.19246983528137
POINT_001475,53.469885754254,-2.15560555458069
POINT_001476,53.4699091706701,-2.20235109329224
POINT_001477,53.4703402426987,-2.2602653503418
POINT_001478,53.4711001960564,-2.19402551651001
POINT_001479,53.4715676563848,-2.24744439125061
POINT_001480,53.4722816091295,-2.22155570983887
POINT_001481,53.472386338176,-2.23560190213902
POINT_001482,53.4729648978957,-2.25378513336182
POINT_001483,53.4734821465614,-2.25156426429748
POINT_001484,53.4738014327143,-2.20322012901306
POINT_001485,53.4748603812263,-2.20918536186218
POINT_001486,53.475372285603,-2.24673628807068
POINT_001487,53.4761507728173,-2.22788572311401
POINT_001488,53.4774794359625,-2.25304484367371
POINT_001489,53.4777917748832,-2.23231673240662
POINT_001490,53.4783094967686,-2.24741220474243
POINT_001491,53.4790565376105,-2.25456833839417
POINT_001492,53.4792787319528,-2.201316833889
POINT_001493,53.4795896741,-2.24568486213684
POINT_001494,53.4796120209922,-2.20264077186584
POINT_001495,53.479707793254,-2.25279808044434
POINT_001496,53.47991210669,-2.24822759628296
POINT_001497,53.4801866513203,-2.24145770072937
POINT_001498,53.4806303883038,-2.24757850170135
POINT_001499,53.4807548892136,-2.24191904067993
POINT_001500,53.4809975053216,-2.23563194274902
POINT_001501,53.4810230437785,-2.24750876426697
POINT_001502,53.4815657323548,-2.25119948387146
POINT_001503,53.481955984996,-2.24722445011139
POINT_001504,53.4821147984378,-2.19539880752563
POINT_001505,53.4822361027768,-2.2273063659668
POINT_001506,53.4825042479797,-2.23479509353638
POINT_001507,53.4825106323686,-2.18536734580994
POINT_001508,53.4825766042989,-2.23905444145203
POINT_001509,53.4827277010207,-2.23534226417542
POINT_001510,53.4828170819076,-2.2432279586792
POINT_001511,53.4828553879443,-2.24490165710449
POINT_001512,53.4833393179157,-2.24615693092346
POINT_001513,53.4835257379879,-2.23494529724121
POINT_001514,53.4835321222231,-2.19582796096802
POINT_001515,53.4837768504826,-2.23099708557129
POINT_001516,53.4850004707979,-2.23563194274902
POINT_001517,53.4850097808331,-2.24189221858978
POINT_001518,53.4850898468962,-2.23802447319031
POINT_001519,53.4854154296619,-2.21444249153137
POINT_001520,53.4857537777314,-2.23494529724121
POINT_001521,53.4859197588165,-2.24320650100708
POINT_001522,53.4859389104384,-2.23436594009399
POINT_001523,53.4861583554886,-2.24096953868866
POINT_001524,53.4865158489936,-2.24011123180389
POINT_001525,53.4868709455862,-2.23771333694458
POINT_001526,53.4871071430217,-2.23109364509582
POINT_001527,53.4902286558418,-2.21068739891052
POINT_001528,53.4904073858185,-2.24831342697144
POINT_001529,53.4914440055217,-2.21451115585296
POINT_001530,53.4915371971699,-2.23394751548767
POINT_001531,53.4916967726186,-2.22654461860657
POINT_001532,53.4923797487547,-2.23907589912415
POINT_001533,53.4928137839475,-2.24291682243347
POINT_001534,53.4938158776451,-2.2451913356781
POINT_001535,53.4939243831851,-2.24253058433533
POINT_001536,53.4952583403715,-2.16661334037781
POINT_001537,53.4987366437875,-2.22301483154297
POINT_001538,53.5010353585184,-2.17738509178162
POINT_001539,53.5012957270311,-2.19413280487061
POINT_001540,53.5023818548015,-2.18324303627014
POINT_001541,53.5024507738593,-2.21143841743469
POINT_001542,53.5103182941787,-2.20580577850342
POINT_001543,53.7097161266718,-1.55166864755302
POINT_001544,53.7342386364028,-0.345790386199951
POINT_001545,53.7408051065386,-0.336542129516602
POINT_001546,53.7428123368136,-0.334192514419556
POINT_001547,53.7450626896219,-0.335705280303955
POINT_001548,53.7452297692861,-0.336027145385742
POINT_001549,53.7484544881908,-1.47996139552561
POINT_001550,53.7752467916458,-1.63172721862793
POINT_001551,53.7839827484396,-1.55788600444794
POINT_001552,53.7922922646132,-1.62809014320374
POINT_001553,53.7927485748041,-1.54706597328186
POINT_001554,53.7945339041377,-1.54453858194756
POINT_001555,53.7948654729421,-1.54138001300453
POINT_001556,53.7952944151435,-1.46897077560425
POINT_001557,53.7957391229393,-1.52463852544315
POINT_001558,53.7958652631878,-1.55089327321548
POINT_001559,53.7958991345461,-1.54608353401272
POINT_001560,53.7964061019647,-1.54259666229336
POINT_001561,53.7966299266599,-1.53992700681556
POINT_001562,53.7971538677213,-1.54383047844021
POINT_001563,53.7977558728378,-1.54800399566739
POINT_001564,53.7977663607514,-1.5527937789011
POINT_001565,53.7978943960677,-1.53953969478607
POINT_001566,53.7984507345095,-1.55959038816945
POINT_001567,53.7992323330087,-1.54506429458706
POINT_001568,53.7993790256374,-1.54379679039266
POINT_001569,53.7996071428047,-1.54181195572164
POINT_001570,53.8003264050012,-1.5395738213283
POINT_001571,53.8005747893048,-1.54736638069153
POINT_001572,53.8006160434342,-1.53447451241846
POINT_001573,53.8011894179797,-1.55342817306519
POINT_001574,53.802314608863,-1.54528048122302
POINT_001575,53.8028975316807,-1.54428269946948
POINT_001576,53.8044271584482,-1.54573559761047
POINT_001577,53.8060997874756,-1.43818974494934
POINT_001578,53.808139797703,-1.66169285774231
POINT_001579,53.8084375548688,-1.5484607219696
POINT_001580,53.8129796732414,-1.52998566627502
POINT_001581,53.8138474975952,-1.63259625434875
POINT_001582,53.8720330393689,-1.7128050327301
POINT_001583,53.9054063467897,-1.69363260269165
POINT_001584,53.9056654894839,-1.69406175613403
POINT_001585,53.9569567024201,-1.0890519618988
POINT_001586,53.9573039033527,-1.08358025550842
POINT_001587,53.9573544050656,-1.08143448829651
POINT_001588,53.9584969899731,-1.08007192611694
POINT_001589,53.9593049869176,-1.08430981636047
POINT_001590,53.9593112993321,-1.08167052268982
POINT_001591,53.9604917040393,-1.08407378196716
POINT_001592,53.9622717163831,-1.07255101203918
POINT_001593,53.9630228335399,-1.08169198036194
POINT_001594,54.9685233228763,-1.60828471183777
POINT_001595,54.9692254011078,-1.60732984542847
POINT_001596,54.9695234727724,-1.6099712849973
POINT_001597,54.9697057633533,-1.61391735076904
POINT_001598,54.969900370003,-1.601842045784
POINT_001599,54.970623362419,-1.61121368408203
POINT_001600,54.970623362419,-1.61020517349243
POINT_001601,54.9708019530932,-1.54446959495544
POINT_001602,54.9709004855624,-1.61834836006165
POINT_001603,54.9709251186126,-1.61335945129395
POINT_001604,54.9722277761065,-1.61444306373596
POINT_001605,54.9726001321785,-1.61089181900024
POINT_001606,54.9730591065181,-1.6125762462616
POINT_001607,54.9730669066427,-1.61780118942261
POINT_001608,54.9745308270456,-1.60673975944519
POINT_001609,54.9767873604601,-1.61178231239319
POINT_001610,54.9768522179867,-1.61317706108093
POINT_001611,54.9774607245409,-1.59968018531799
POINT_001612,54.9835465959358,-1.60184741020203
POINT_001613,54.9850794931047,-1.61212563514709
POINT_001614,55.0068868311211,-1.60981893539429
POINT_001615,55.0113278870925,-1.7254114151001
POINT_001616,55.8378442725993,-4.2586612701416
POINT_001617,55.8442064391953,-4.22617435455322
POINT_001618,55.8451688730031,-4.25503492355347
POINT_001619,55.8454158358443,-4.26154732704163
POINT_001620,55.8467242442734,-4.23038005828857
POINT_001621,55.8468018773307,-4.21984434127808
POINT_001622,55.8470789458441,-4.25341486930847
POINT_001623,55.8474711215919,-4.24962759017944
POINT_001624,55.8475541070338,-4.26687955856323
POINT_001625,55.8478686472157,-4.22370672225952
POINT_001626,55.8496079412767,-4.31203186511993
POINT_001627,55.8506546924782,-4.17601704597473
POINT_001628,55.8512942929426,-4.2641544342041
POINT_001629,55.8514582399372,-4.2572021484375
POINT_001630,55.8515773519431,-4.3091082572937
POINT_001631,55.8516917794645,-4.22535896301269
POINT_001632,55.8520531273202,-4.2606782913208
POINT_001633,55.8521976655218,-4.2622447013855
POINT_001634,55.852563826578,-4.18221831321716
POINT_001635,55.8531612397938,-4.26318883895874
POINT_001636,55.853239529154,-4.23425316810608
POINT_001637,55.8535058456664,-4.25748109817505
POINT_001638,55.8536129070093,-4.23727869987488
POINT_001639,55.8538430880265,-4.24651622772217
POINT_001640,55.853895949122,-4.24071192741394
POINT_001641,55.8544680492251,-4.23009037971497
POINT_001642,55.8548173272524,-4.22265529632568
POINT_001643,55.8549979870692,-4.25020694732666
POINT_001644,55.8551364923598,-4.26211595535278
POINT_001645,55.8551552273575,-4.32396769523621
POINT_001646,55.8553653261062,-4.25385475158691
POINT_001647,55.8557748147101,-4.24265384674072
POINT_001648,55.8558417242229,-4.25203084945679
POINT_001649,55.8561240809915,-4.25355434417725
POINT_001650,55.8567443219947,-4.26654696464538
POINT_001651,55.8568226041361,-4.25740599632263
POINT_001652,55.8569912112896,-4.25649404525757
POINT_001653,55.8569972329602,-4.261075258255
POINT_001654,55.857087557906,-4.24135565757751
POINT_001655,55.8571477744199,-4.26407933235168
POINT_001656,55.8571778826419,-4.24761056900024
POINT_001657,55.8573826179325,-4.26614999771118
POINT_001658,55.8574006827592,-4.26279187202454
POINT_001659,55.8576475678836,-4.24599051475525
POINT_001660,55.8578523006992,-4.24927353858948
POINT_001661,55.8578583222363,-4.24742817878723
POINT_001662,55.8578944514392,-4.24827575683594
POINT_001663,55.8580690754459,-4.24433827400208
POINT_001664,55.8580811184519,-4.24497663974762
POINT_001665,55.8583821923892,-4.24202084541321
POINT_001666,55.8585206856169,-4.25237417221069
POINT_001667,55.8586591783509,-4.28134202957153
POINT_001668,55.8587374566344,-4.24905896186829
POINT_001669,55.8589903546262,-4.26441192626953
POINT_001670,55.8600079513359,-4.26459431648254
POINT_001671,55.8601531289905,-4.24582958221435
POINT_001672,55.8601885870195,-4.25691246986389
POINT_001673,55.8605317925045,-4.25402641296387
POINT_001674,55.8608509106738,-4.25862908363342
POINT_001675,55.8610382325077,-4.3147087097168
POINT_001676,55.8614349503458,-4.25503492355347
POINT_001677,55.8614590342675,-4.263596534729
POINT_001678,55.8620611274571,-4.25639748573303
POINT_001679,55.8622658370158,-4.27386403083801
POINT_001680,55.8627655646429,-4.26035642623901
POINT_001681,55.863102726639,-4.27067756652832
POINT_001682,55.8649329835562,-4.24840450286865
POINT_001683,55.8650052287705,-4.26639676094055
POINT_001684,55.8659383840456,-4.27709341049194
POINT_001685,55.8661189921546,-4.26288843154907
POINT_001686,55.8674012855803,-4.26744818687439
POINT_001687,55.8680394064389,-4.26074266433716
POINT_001688,55.8709108205622,-4.29128766059875
POINT_001689,55.8715368449279,-4.30963397026062
POINT_001690,55.8756358512394,-4.34642314910889
POINT_001691,55.8757201140841,-4.27558064460754
POINT_001692,55.8784164285637,-4.28747892379761
POINT_001693,55.8794305073152,-4.30551946163177
POINT_001694,55.8805408480306,-4.26145076751709
POINT_001695,55.8964920116204,-4.29840087890625
POINT_001696,55.9225900379997,-3.18579912185669
POINT_001697,55.9343467497564,-3.20895195007324
POINT_001698,55.935224152673,-3.23107481002808
POINT_001699,55.9391722198977,-3.18271994590759
POINT_001700,55.9409688478579,-3.20938110351562
POINT_001701,55.9425911493302,-3.182612657547
POINT_001702,55.9426692584272,-3.22335004806519
POINT_001703,55.9430778265214,-3.1795871257782
POINT_001704,55.9443976322687,-3.18567037582397
POINT_001705,55.9452828181565,-3.18138957023621
POINT_001706,55.9453308819711,-3.19105625152588
POINT_001707,55.945475073057,-3.18862080574036
POINT_001708,55.9458175247345,-3.18487644195557
POINT_001709,55.9459496982561,-3.18930745124817
POINT_001710,55.947523730065,-3.18485498428345
POINT_001711,55.9480343754941,-3.20628046989441
POINT_001712,55.9484188570203,-3.19451093673706
POINT_001713,55.9488033347289,-3.19240808486938
POINT_001714,55.949067660939,-3.18711876869202
POINT_001715,55.9491757938686,-3.19401741027832
POINT_001716,55.9493560147467,-3.18781614303589
POINT_001717,55.9504613511164,-3.19043397903442
POINT_001718,55.9510620641697,-3.20148468017578
POINT_001719,55.9514345015822,-3.17914724349976
POINT_001720,55.9524797100235,-3.20268630981445
POINT_001721,55.953945357092,-3.20311546325684
POINT_001722,55.9539994167835,-3.18464040756226
POINT_001723,55.9540174366639,-3.20116281509399
POINT_001724,55.9540775028712,-3.18783760070801
POINT_001725,55.9543177667687,-3.19794416427612
POINT_001726,55.9545099768131,-3.19425344467163
POINT_001727,55.9553308631669,-3.18374991416931
POINT_001728,55.9555971469118,-3.19063782691956
POINT_001729,55.9564300227164,-3.17235589027405
POINT_001730,55.9575852077367,-3.19955348968506
POINT_001731,55.95785848304,-3.19182336330414
POINT_001732,55.9581317564141,-3.20264339447021
POINT_001733,55.9584140367747,-3.18995654582977
POINT_001734,55.9584951169232,-3.18945229053497
POINT_001735,55.9588824975109,-3.19318056106567
POINT_001736,55.9596071991344,-3.18922162055969
POINT_001737,55.9626820251293,-3.17886829376221
POINT_001738,55.9700818254553,-3.17394375801086
POINT_001739,56.4574162073278,-2.97540664672852
POINT_001740,56.4591413003019,-2.9714047908783
POINT_001741,56.459360636406,-2.96671628952026
POINT_001742,56.4595681153387,-2.96783208847046
POINT_001743,56.460706265322,-2.97799229621887
POINT_001744,56.4608248206505,-2.97606110572815
POINT_001745,56.4618503087967,-2.97186613082886
POINT_001746,56.4622118904996,-2.96889424324036
POINT_001747,56.4639604747447,-2.95797228813171
POINT_001748,56.4648317731098,-2.86658406257629
POINT_001749,57.1436498952122,-2.10376381874084
POINT_001750,57.1442668911818,-2.10681080818176
POINT_001751,57.1457627726641,-2.08472013473511
POINT_001752,57.1459257444254,-2.11381673812866
POINT_001753,57.1459606668523,-2.11049079895019
POINT_001754,57.1461702007214,-2.09319591522217
POINT_001755,57.1474215588468,-2.0903742313385
POINT_001756,57.147555422559,-2.09317445755005
POINT_001757,57.1477765876311,-2.09363579750061
POINT_001758,57.1478988098669,-2.09875345230103
POINT_001759,57.148696154544,-2.09700465202332
POINT_001760,57.1490569910128,-2.09497690200806
POINT_001761,57.1501220200663,-2.08916187286377
POINT_001762,57.1515187330095,-2.09898948669434
POINT_001763,57.1515361915876,-2.10476160049438
POINT_001764,57.1522287085398,-2.09675788879395
